audit,2007A,2007B,2007C,2007D,2007E,2008A,2008B,2008C,2008D,2008E,2009A,2009B,2009C,2009D,2009E,2010A,2010B,2010C,2010D,2010E,2011A,2011B,2011C,2011D,2011E,2012A,2012B,2012C,2012D,2012E,2013A,2013B,2013C,2013D,2013E,2014A,2014B,2014C,2014D,2014E,2015A,2015B,2015C,2015D,2015E,2016A,2016B,2016C,2016D,2016E,2017A,2017B,2017C,2017D,2017E
Y,78.38,1.19,231.9,1.66,5.83,100.39,7.19,145.71,1.78,6.7,106.89,10.73,135.1,1.35,5.36,138.99,7.69,89.81,1.2,4.53,140.03,7.44,95.49,1.13,3.29,198.9,-2.37,99.59,0.8,2.24,129.28,-5.96,98.99,0.73,2.45,95.71,-22.88,101.39,0.71,2.59,160.48,1.46,88.6,0.97,3.37,131.99,6.98,82.49,1.01,3.25,124.04,0.08,85.97,0.93,2.75
Y,82.85,-6.19,93.69,0.5,2.81,180.97,-0.46,132.43,0.48,2.54,129.41,-2.13,100.96,0.2,1.01,423.74,-5.13,71.81,0.29,2.23,75.43,-5.67,72.03,0.13,1.15,112.6,17.64,28.94,0.09,1.35,115.81,3.78,34.1,0.14,2.09,242.14,5.1,31.88,0.29,3.08,160.3,3.34,21.42,0.33,3.33,464.47,4.32,8.62,0.45,3.53,383.03,4.27,8.81,0.62,3.67
Y,204.98,4.24,110.57,0.84,4.65,123.01,-1.73,132.07,0.63,3.9,87.07,2.67,171.28,0.6,3.87,86.78,3.01,185.04,0.75,5.1,75.16,4,235.99,0.75,4.39,88.77,5.33,261.86,0.74,3.24,77.77,4,228.2,0.54,2.44,70.29,6.78,215.14,0.77,4.12,79.91,3.8,155.89,0.56,3.22,93.11,3.87,93.15,0.53,3.76,88.85,2.85,77.84,0.57,4.03
Y,217.27,1.97,76.58,1.4,2.37,176.37,-16.51,104.36,1.36,2.01,257.06,-8.63,76.42,1.31,2.22,135.77,-20.1,102.41,0.96,1.85,169.37,0.47,97.79,0.95,1.94,110.26,-11.66,248.01,0.7,2.57,66.31,-43.18,443.46,0.37,2.22,179.87,21.66,25.04,0.13,1.53,311.35,-6.07,27.15,0.68,6.23,164.25,-33.4,40.66,0.37,2.89,142.66,-27.49,72.84,0.11,1.34
Y,226.48,-55.63,14.29,0.28,2.62,10.07,-207.91,421.33,0.17,0.81,201.85,-25.94,31.93,0.33,1.81,267.69,-32.69,53.12,0.63,2.37,196.06,-81.43,80.71,0.27,0.63,216.7,-104.65,38.33,0.36,0.53,694.48,5.44,19.74,0.69,0.9,45.52,3.72,86.18,0.11,0.18,135.49,-38.24,76.7,0,0,226.74,-57.6,57.7,0.35,1.75,222.31,-19.1,51.44,2.09,4.83
Y,156.07,-309.5,592.25,0.71,3.45,340.33,6.48,383.53,2.95,11.67,158.5,11.4,293.8,2.27,8.59,231.44,-5.3,83.39,1.46,5.56,178.06,3.12,97.65,0.98,3.7,75.22,3.23,200.95,0.66,2.71,101.25,-21.94,283.88,0.38,2.22,4.79,-116.99,0,0.3,1.9,157.38,-36.78,35.65,0.69,3.3,161.31,-11.22,109.82,1.56,4.77,139.31,-29.1,112.18,1.19,3.29
Y,136.95,-11.39,52.11,0.22,2.72,108.79,-6.22,73.51,0.26,1.9,133.63,8.42,70.76,0.43,1.89,253.77,-3.18,57.12,0.3,1.23,242.48,-5.32,81.17,0.33,1.42,119.14,-7.58,102.07,0.28,1.04,101.62,-8.21,113.3,0.32,1.01,89.25,-19.42,117.15,0.24,0.64,107.31,-8.36,103.8,0.29,0.77,93.82,-21.41,135.87,0.31,0.81,142.19,-17.33,92.53,0.36,0.92
Y,318.28,-203.5,232.24,0.29,1.34,178.61,2.59,202.21,1.14,2.95,124.16,-2.55,142.27,0.94,2.04,100.09,-6.74,296.33,0.77,1.95,120.52,-5.1,344.9,0.61,1.79,79.1,0.01,223.41,0.5,1.65,66.42,-25.25,365.51,0.5,1.69,64.5,1.16,304.56,0.72,2.21,76.5,4.45,179.23,0.82,2.51,110.02,0.28,168.57,0.86,2.5,91.29,-7.03,252.43,0.81,2.38
Y,95.44,4.52,368.2,1,5.21,95.09,3.31,671.5,0.91,4.47,96.03,3.72,364.65,0.8,3.2,89.82,5.32,250.63,0.82,2.79,82.01,5.17,221.42,0.85,2.7,86.67,0.95,213.39,0.87,2.97,100.97,-4.55,301.65,0.91,2.95,90.47,-6.03,702.84,0.9,2.6,66.07,-14.16,4012.05,0.85,2.63,63.63,-19.58,5543.69,0.75,2.18,108.68,6.03,301.7,0.87,2.09
Y,130.08,-16.63,48.61,2.24,12.51,172.05,3.87,57.93,1.69,14.29,174.12,3.92,47.54,1.78,13.87,142.59,3.08,60.44,1.95,11.76,100.88,-1.81,87.45,1.87,12.86,109.36,-0.71,85.69,1.69,15.98,94.47,-7.22,102.18,1.18,10.83,150.65,-1.35,75.46,1.39,9.96,142.27,-2.82,116.4,1.17,9.78,157.29,3.96,93.56,1.53,12.39,180.51,9.98,87.99,1.72,11.16
Y,203.67,2.83,49.06,0.74,5.11,328.02,-2.75,82.91,0.73,5.15,215.29,4.18,63.3,0.68,5.2,190.03,6.2,87.36,0.61,5.46,190.98,6.27,81.56,0.57,5.33,163.83,8.08,141.8,0.49,5.53,190.08,5.64,122.31,0.48,5.4,146.91,5.29,152.35,0.52,4.82,147.35,2.25,178.1,0.5,4.61,246.44,2.83,157.98,0.36,3.83,184.49,3.53,84.89,0.35,3.97
Y,400.27,-2.7,14.93,0.81,4.83,401.88,-3.24,13.8,1.15,7.85,360.04,0.72,13.91,1.25,8.7,330.48,0.72,12.71,0.76,7.61,229.61,4.55,16.31,0.95,11.49,208.36,5.5,16.35,0.91,11.28,310.75,7.8,10.98,0.97,13.38,329.19,7.83,15.81,0.9,14.39,230.08,6.08,15.62,0.8,16.07,201.64,6.48,16.41,0.75,17.34,133.82,6.77,22.16,0.76,16.12
Y,145.48,5.78,156.45,1.49,4.2,127.97,5.35,179.89,1.54,4.02,124.17,1.66,199.24,1.4,3.46,116.36,1.09,264.81,1.46,3.61,119.84,1.07,241.88,1.32,3.34,120.19,-1.52,185.21,1.15,2.83,110.22,-8.85,224.9,1.18,2.86,113.6,0.91,212.79,1.48,3.51,120.36,0.7,190.97,1.71,3.76,116.52,2.09,192.52,1.73,3.93,130.46,5.85,160.15,1.57,4.03
Y,456.69,1.42,17.56,0.18,1.88,382.3,-9.99,21.98,0.17,1.29,916.29,-12.28,11.2,0.18,1.5,607.1,-8.98,7.96,0.23,1.96,387.93,-10.44,10.83,0.25,1.45,1040.35,-34.41,3.26,0.28,1.91,210.44,-5.32,30.05,0.25,2.98,62.11,-11.03,38.18,0.19,3.4,132.15,2.24,25.74,0.37,2.86,587.25,-7.45,9.53,0.24,1.85,144.98,-33.89,51.53,0.26,3.22
Y,63.7,4.14,178.7,1.35,12.75,71.62,2.63,148.38,1.34,13.77,69.28,5.5,128.1,1.14,11.5,78.25,4.15,129.98,1.25,12.6,89.09,1.41,195.31,1.21,8.01,76.07,2.59,174.46,1.11,6.18,60.45,-4.03,203.37,1.13,7.79,58.81,2.37,184.95,1.09,8.13,56.73,4.1,159.04,1.04,7.99,57.25,6.98,124.75,1.03,8.87,62.14,4.07,125.82,1.1,8.96
Y,90.38,3.05,190.65,1.79,3.97,100.12,11.67,119.7,1.49,3.93,102.89,13.69,101.98,1.19,3.62,137.15,14.8,88.81,1.31,3.85,93.79,7.59,103.42,1.29,3.98,122.52,6.77,84.51,1.26,4.18,94.41,-2.76,93.05,0,0,4613.79,53.86,0.45,0,0.02,214.09,0.99,0.68,0.02,27.89,217.64,9.36,2.78,0.03,21.9,55.39,0,3.86,0.03,13.85
Y,82.21,-0.62,168.63,0.78,6.07,62.83,0.19,199.08,0.91,6.42,54.27,2.88,119.68,0.89,6.68,92.12,1.75,120.23,0.94,6.49,92.55,0.82,134.22,0.88,5.32,68.34,2.95,121.03,0.85,5.39,81.01,2.02,112.99,0,0,99.25,-0.42,287.69,0,0,53.85,-0.38,5.37,0.02,16.02,6.17,-10.03,9.17,0.04,8.43,95.07,-26.4,7.24,0.05,9.25
Y,143.79,-1.88,123.35,1.24,2.8,121.59,2.2,84.54,1.13,3.81,119.82,2.46,87.59,0.77,3.82,84.15,1.35,120.06,0.7,4.05,112.69,-1.47,178.13,0.63,4.14,96.42,-2.74,163.58,0.63,4.01,109.36,-2.41,81.4,0.56,3.44,97.05,1.96,78.73,0.6,4.36,88.8,2.8,66.06,0.62,5.11,91.24,3.97,61.42,0.6,5.04,75.28,1.97,62.99,0.57,4.59
Y,100.18,2.83,208.1,1.85,8.64,87.58,4.68,184.47,1.55,9.84,85.37,2.99,189.94,1.3,7.12,116.2,-0.92,197.77,0.9,4.58,72.83,-31.27,1488.84,1.09,5.27,64.99,-70.38,0,0.84,4.12,138,21.35,260.65,0.78,4.62,93.77,-19.05,780.86,0.83,4.89,80.04,0.96,172.29,0.93,7.37,97.74,-10.51,165.85,1.15,14.25,81.55,3.56,124.23,0.81,8.63
Y,127.03,0.62,164.9,2.06,7.45,96.18,-16.25,199.84,1.88,8.74,111.71,10.14,162.36,1.41,7.03,133.14,7.5,132.89,1.91,8.05,107.92,-0.9,167.07,1.87,7.12,118.06,2.21,147.95,1.63,5.77,103.95,-2.52,181.86,1.53,5.36,98.1,-0.03,196.09,1.53,5.58,95.68,-10.73,190.13,1.28,4.71,87.3,0.39,148.38,0.95,3.96,95.98,1.47,154.32,1.18,5.49
Y,190.47,4.66,83.49,1.09,3.65,157.24,1.59,101.66,1.17,4.06,158.4,2.31,114.2,1.18,4.41,149.46,5.97,101.63,1.06,4.47,150.75,1.45,111.62,1.07,4.01,168.78,0.94,115.42,1.05,3.4,195.53,0.88,115.41,1.03,3.27,146.52,-1.51,139.11,0.9,2.86,166.4,1.29,154.11,1,2.89,150.18,1.13,161,1.06,2.84,131.64,0.42,160.35,1.02,2.83
Y,59.57,-16.44,224.03,0.41,5.05,66.5,-11.92,342.03,0.53,6.56,58.12,-4.44,417.32,0.59,7.17,55.75,35.05,94.27,0.84,8.53,63.05,0.1,109.9,0.75,8.15,45.69,-6.61,165.61,0.57,7.87,52.83,-3.4,174.95,0.6,7.66,41.99,-8.65,267.38,0.55,6.67,58.91,-10.13,357.42,0.55,7.26,65.09,0.61,347.04,0.84,12.88,52.64,3.85,166.68,1.47,19.5
Y,101.52,3.29,275.98,1.42,4.21,94.34,-20.35,298.99,1.73,5.13,110.97,1.58,254.68,1.54,5.7,122.67,2.01,163.42,1.5,5.01,138.97,8.62,133.76,1.8,5.42,149.28,2.46,109.03,1.72,6.02,133.01,8.55,75.96,2.06,7.3,183.69,-1.01,73.62,1.53,5.74,157.03,-9.83,73.09,1.26,4.49,164.15,5.08,62.56,1.56,4.75,189.51,11.41,49.65,1.75,5.3
Y,275.59,-0.87,22.06,0.37,6.31,162.54,-38.75,38.64,0.53,8.34,177.72,3,34.58,0.87,9.61,141.93,-13.87,96.14,0.67,7.11,101.27,-0.39,89.42,0.45,4.32,80.52,-2.23,91.08,0.51,4.62,93.03,-17.12,80.7,0.54,4.13,75.71,-15.86,112.21,0.62,3.63,87.07,-0.91,108.6,0.69,3.57,121.35,-8.84,109.41,0.83,3.89,211.06,10.06,61.09,0.95,3.79
Y,167.5,14.87,71.55,1.26,2.92,163.28,9.87,111.35,1.82,3.42,257.5,9.68,55.03,1.31,2.29,174.16,13.72,86.85,1.73,2.98,195.31,10.87,76.92,1.21,2.15,207.76,8,63.88,1.14,2.19,188.04,6.09,68.54,1.05,2.08,211.02,8.17,59.42,1.18,2.14,230.93,3.5,51.46,0.9,1.87,200.95,-16.95,50.01,0.67,1.66,350.13,-3.01,32.01,0.9,2.19
Y,64.52,-4.28,665.07,1.2,7.61,92.22,16.5,214.6,0.92,6.07,75.55,-20.89,462.18,0.86,4.43,87.34,2.28,278.14,0.95,4.17,98.57,1.95,289.63,1.14,6.55,122.69,1.37,400.35,0.92,7.2,108.69,0.63,451.76,0.55,4.98,105.64,-5.91,455.08,0.67,4.64,81.04,-6.18,785.28,0.63,3.24,92.39,6.74,461.35,0.64,3.08,84.3,-3.4,536.42,0.62,3.1
Y,91.7,-8.23,191.58,0.37,1.46,85.13,-149.32,180.45,0.69,1.86,88.48,-28.53,72.99,0.41,1.56,79.59,-12.41,184.22,0.39,1.77,97.9,3.46,49.98,0.46,1.96,71.87,-80.31,133,0.46,1.57,86.06,-13.26,221.06,1.09,2.26,160.87,-21.96,82.27,0.91,2.11,147.08,2.04,105.35,0.79,2.29,342.22,1.35,46.94,0.68,2.33,149.04,-24.03,115.77,0.24,1.02
Y,548.08,10.77,110.28,0.92,2.03,88.97,1.8,186.61,0.57,1.58,104.49,1.66,132.78,0.48,1.42,724.53,-6.32,85.77,0.47,1.2,369.81,0.44,116.97,0.45,1,321.66,-6.19,127.38,0.4,1,290.37,-6.09,169.25,0.56,1.5,85.69,-0.98,167.62,0.53,1.21,295.04,4.48,52.88,0.51,1.15,280.84,15.37,32.67,0.59,1.2,304.17,9.69,38.04,0.5,1.01
Y,154.14,0.68,344.45,0.35,1.56,146.25,1.21,196.27,0.74,2.99,132.95,0.79,231.29,0.49,1.87,107.87,-0.79,211.25,0.42,1.63,121.27,-1.92,212.4,0.38,1.7,113.85,0.22,218.65,0.34,1.7,78.29,-3.61,223.6,0.33,2.1,84.34,-5.42,235.64,0.32,2.49,62.02,-8,276.52,0.42,3.12,100.16,-7.45,325.65,0.46,3.69,54.92,-8.24,487.9,0.48,3.87
Y,161.72,4.1,182.15,1.02,2.76,149.82,2.11,196.65,0.96,2.6,139.85,-0.6,252.78,1.11,2.93,155.7,-1.52,301.83,0.94,2.86,156.68,-0.09,304.13,0.7,2.62,126.16,0.2,366.49,0.67,2.7,123.26,-0.04,375.82,0.92,2.92,99.79,-9.7,590.29,0.76,2.31,98.74,1.76,532.59,0.97,3.89,89.97,1.79,455.58,1.17,5.17,119.98,4.59,389.82,1.2,5.05
Y,123.56,4.48,191.75,0.91,3.16,120.8,5.04,181.49,0.98,4.03,116.21,5.63,167.42,1.14,5.58,133.8,6.21,152.89,1.17,5.76,148,5.12,147.44,1.03,4.45,154.7,3.19,144.79,0.96,3.48,160.1,2.77,155.69,0.92,2.83,162.59,1.86,153.08,0.89,2.52,162.91,2.52,143.54,0.87,2.68,169.99,2.57,130.91,0.88,3.02,187.45,1.23,108.27,0.84,3
Y,113.18,0.17,82.12,0.25,1.94,76.54,6.92,178.75,0.69,10.48,89.05,1.91,110.11,0.66,6.08,125.49,0.72,94.73,0.51,2.04,131.82,-5.03,100.05,0.23,0.65,111.89,-7.38,120.47,0.12,0.29,100.89,-5.85,116.45,0.1,0.25,110.29,0.59,118.56,0.18,0.47,96.01,-7.12,150.52,0.04,0.1,142.68,8.22,91.84,0.19,0.39,36.37,-9.72,111.21,0.06,0.21
Y,292.92,10.19,37.39,1.31,6.47,187.56,0.18,48.03,0.51,4.03,228.09,1.34,37.57,0.56,5.7,158.69,-10.13,71.07,0.47,5.24,111.6,-21.85,105.26,0.55,5,184.33,2.43,35.78,0.4,3.64,91.56,-40.08,103.18,0.56,5.83,79.35,-5.34,99.4,0.61,5.81,43.36,-19.21,96.88,0.57,4.49,48.76,-9.73,68.47,0.65,5.41,44.83,-26.55,129.12,0.56,4.97
Y,154.59,5.06,150.98,0.97,25.86,119.86,8.47,187.91,0.86,28.31,141.75,7.94,181.73,0.82,29.49,117.24,3.97,192.51,0.91,29.29,161.58,6.17,78.15,0.92,29.5,140.38,7.72,73.44,1.04,22.17,164.79,7.83,88.96,1.09,15.46,112.48,8.71,102.82,1.05,10.27,134.29,7.46,81.14,1.06,9.13,76.63,1.62,112.59,1.02,8.44,73.9,-9.36,192.12,1.08,13.13
Y,50.61,-6.23,192.24,1.24,4.26,35.5,2.58,136.13,1.27,7.09,34.04,-0.84,138.19,0.98,6.86,32.84,1.53,135.9,1.13,7.55,39.8,1.96,222.49,1.13,6.78,46.42,0.21,284.64,0.88,5.79,53.01,4.46,241.14,0.86,6.38,92.14,2.55,210.74,0.91,1.36,107.95,20.15,63.78,0.93,1.3,97.15,2.79,45.48,1.01,5.91,79.41,2.31,38.99,1.06,5.54
N,77.46,17.55,110.46,0.81,4.43,169.42,10.14,54.92,0.74,3.58,227.7,7.05,91.76,0.64,3.48,293.53,1.63,57.45,0.52,3.07,153.04,3.43,30.26,0.5,2.87,93.01,3.89,68.17,0.47,3.19,111.79,3.62,85.18,0.43,3.4,74.28,-6.03,81.63,0.43,2.78,110.98,1.03,54.33,0.52,2.68,127.55,0.78,63.82,0.51,2.61,109.93,-4.59,82.37,0.52,2.61
N,101.62,1.32,232.6,1.34,4.36,69.86,0.24,218.26,1.07,3.84,83.5,6.19,132.2,0.83,3.49,77.85,-1.58,151.14,0.55,2.87,73.05,-1.99,170.35,0.56,2.88,82.26,-0.09,173.84,0.58,2.63,76.51,-0.68,172.13,0.56,2.54,58.15,-3.45,181.04,0.63,2.97,53.9,-3.19,135.89,0.56,3.17,56.81,2.1,139.68,0.62,4.05,27.47,1.25,23.1,0.22,2.19
N,577.02,6.48,19.53,0.73,3.56,728.41,5.79,14.2,0.68,3.64,932.75,4.8,10.35,0.72,4.4,721.04,2.9,21.64,0.76,4.8,287.18,-1.2,34.05,0.67,4.23,365.2,1.71,29.19,0.63,4.2,208.83,1.59,46.81,0.79,5.76,276.19,7.2,31.48,0.89,6.82,287.03,15.12,29.19,1.03,9.26,433.98,13.22,22.74,0.91,8.41,622.51,4.43,14.81,0.68,6.87
N,126.76,0.58,118.57,0.6,3.06,71.94,-22.55,255.29,0.59,3.53,82.48,-10.72,104.94,0.54,3.46,63.77,-10.81,142.21,0.66,4.58,63.24,-2.54,118,0.74,4.18,45.38,-10.83,96.2,0.45,2.19,50.5,-0.37,106.94,0.42,2.29,56.6,-3.11,132.84,0.63,3.21,62.12,-1.23,157.56,0.55,2.54,161.66,-33.27,167.25,0.53,1.84,126,-12.04,204.76,0.48,2.22
N,519.35,14.82,44.23,0.89,2.66,512.34,12.78,48.05,0.78,2.53,295.41,6.03,66.89,0.69,2.63,182.82,-1.44,75.5,0.72,2.97,208.3,2.07,84.66,0.74,2.83,204.84,4.06,70.01,0.78,3,180.15,7.63,44.79,0.81,3.09,216.86,9.95,34.74,0.89,3.26,174.58,13.65,39.99,0,0.01,742.97,195.94,0.87,0.04,0.35,133.13,3.29,2.63,0.08,7.78
N,151.67,2.94,227.88,1.15,4.24,141.06,1.92,438.02,1.34,5.99,132.01,1.06,344.35,0.86,4.52,140.19,0.87,358.62,0.96,4.71,153.9,0.71,364.35,0.96,5.06,112.16,1.37,394.05,0.94,5.05,145.52,-0.65,397.56,0.92,5.15,138.01,0.21,403.18,0.84,5.22,174.1,0.13,357.12,0.6,4.42,145.97,-2.03,376.22,0.52,4.59,107.52,-2.8,407.66,0.58,4.5
N,235.6,17.3,26.6,0.63,8.47,265.98,21.39,23.81,0.63,7.24,264.54,16.25,24.26,0.61,6.55,328.66,18.55,21.12,0.5,5.93,338.03,14.54,19.24,0.47,5.15,330.71,13.56,20.69,0.47,4.46,315.34,8.36,20.86,0.42,3.84,379.52,12.07,17.84,0.44,3.84,278.38,14.38,26.33,0.41,3.52,274.24,13.66,28.73,0.37,3.3,326.57,11.37,21.44,0.35,3.25
N,330.2,4.2,26.81,0.54,1.88,425.64,1.22,18.24,0.66,2.35,296.68,3.05,25.54,0.75,2.58,322.39,4.09,22.3,0.86,3.22,298.89,4.12,27.09,0.81,2.95,245,3.31,32.13,0.72,2.59,321.1,2.92,56.63,0.68,2.86,433.49,2.98,43.11,0.59,3.82,197.01,2.41,42.27,0.59,4.8,190.83,4.95,45.88,0.64,4.89,155.54,3.24,55.95,0.71,5
N,236.81,5.35,50.75,0.72,1.98,217.68,2.8,87.73,0.67,2.11,156.21,4.46,90.59,0.64,2.31,174.05,2.79,93.64,0.66,2.41,161.88,2.49,96.37,0.57,2.15,214.05,2.06,74.34,0.54,2.23,166.66,1.21,63.18,0.53,2.6,133.29,1.88,70.8,0.66,3.66,128.13,2.8,64.24,0.69,3.76,65.72,4.17,91,0.72,4.38,59.41,9.79,93.58,0.62,4.83
N,1234.23,20.36,10.28,0.85,6.27,736.76,19.72,13.18,0.79,5.87,981.5,19.04,9.93,0.76,4.24,852.75,11.74,11.84,0.66,4,725.25,8.45,20.79,0.68,5.94,1166.46,5.18,31.08,0.58,6.96,797.92,-1.57,48.69,0.45,6.75,521.57,5.49,46.93,0.5,8.42,483.23,5.87,40.75,0.53,7.3,507.17,3.51,31.78,0.46,5.56,246.01,1.5,35.35,0.37,4.96
N,382.53,7.11,23.22,0.59,2.33,393.59,11.77,21.68,0.71,2.66,493.02,10.61,22.08,0.73,2.57,958.22,4.54,13.94,0.64,2.78,274.06,3.21,38.92,0.56,2.88,1171.39,9.51,12.57,0.63,3.01,740.77,11.8,13.66,0.66,2.67,550.67,9.59,12.36,0.53,2.4,332.35,10.01,20.36,0.47,2.54,192.68,7.95,35.94,0.47,2.68,106.49,10.5,46.86,0.49,3
N,306.49,15.57,27.45,0.53,6.56,85.16,-64.93,5765.4,0.44,5.8,83.48,17.26,494.61,0.35,4.71,81.35,2.55,362.51,0.24,3.56,84.45,5.63,172.04,0.34,3.28,88.13,3.73,108.05,0.44,2.52,116.41,8.44,78.19,0.5,2.58,126.39,5.8,61.7,0.52,2.73,129.83,4.5,45.8,0.48,2.49,137.92,7.22,48.45,0.52,2.61,205.53,7.96,27.41,0.55,2.58
N,146.08,3.48,112.28,0.67,4.64,80.24,-19.69,179.81,0.92,7.16,82.4,-11.99,207.15,0.46,3.43,81.37,-32.41,603.39,0.7,3.42,82.14,-6.41,497.83,0.99,3.41,106.25,-2.85,339.14,1.08,3.01,112.71,-19.28,338.04,1.01,2.25,121.9,-3.73,242.69,1.15,2.15,237.33,-2.6,68.25,0.83,2.2,85.94,-8.29,106.34,0.69,2.62,109.96,4.26,48.3,0.79,3.02
N,195.45,12.1,43.13,1.12,11.86,80.9,11.49,64.55,0.96,10.7,82.58,10.6,61.39,0.79,7.55,77.91,5.04,67.31,0.67,5.56,99.75,1.62,67.79,0.62,6.4,94.26,-1.67,66.72,0.5,7.15,123.81,0.34,71.4,0.35,4.71,97.24,-10.71,94.82,0.47,5.35,61.65,-2.35,102.43,0.35,4.46,51.41,-9.22,124.02,0.3,3.88,43.91,-9.69,115.85,0.27,4.02
N,1089.44,-8.66,7.08,0.69,6.55,208.51,-12.68,63.88,0.51,2.37,290.75,-14.39,20.23,0.73,3.79,327.69,1.11,18.84,0.94,5.8,152.07,-24.58,44.49,0.43,2.3,163.26,2.13,40.71,0.7,4.45,708.11,-59.6,146.19,0.4,3.47,310.31,-33.88,44.43,0.18,2.86,774.1,-15.53,11.16,0.17,4.04,317.42,-14.76,38.46,0.45,15.72,556.69,-27.36,25.78,0.21,3.85
N,95.29,4.39,155.96,1.77,5.45,111.42,8.9,108.43,1.63,4.66,96.97,5.42,120.5,1.34,4.12,91.71,18.56,83.97,1.63,6.88,138.95,9.22,56.27,1.13,8.1,270.01,10.07,22.59,0.68,8.64,133.69,1.27,33.53,0.56,11.33,133.73,1.83,36.15,0.95,23.21,209.62,-3.51,40.85,0.61,14.71,198.65,3.33,37.86,0.52,7.03,130.72,3.02,36.38,0.6,7.46
N,157.54,8.08,87.01,0.75,2.49,128.31,-4.66,155.4,0.57,2.04,150.3,7.29,137.8,0.38,2.03,235.69,7.48,59.82,0.44,2.36,223.46,6.84,81.9,0.55,2.83,276.68,3.99,38.68,0.45,2.37,929.24,-2.69,16.04,0.53,2.4,552.28,2.29,17.61,0.56,2.5,612.25,4.34,13.87,0.6,2.66,1199.59,4.78,6.58,0.58,2.69,675.87,-0.37,15.85,0.35,2.57
N,149.74,-16.07,29.44,0.18,3.42,95.08,-18.73,32.68,0.35,11.68,15.66,-140.73,2039.16,0.5,94.04,78.37,-9.1,74.65,1.03,22.67,110.3,-21.2,84.2,0.83,12.39,137.75,0.49,51.55,0.61,7.64,194.57,-73.87,27.3,0.76,6.76,279.52,-22.45,32.21,0.3,3.26,400.01,3.78,28.82,0.55,4.43,74.68,-8.92,84.74,0.43,3.46,88.52,-11.57,55.83,0.26,2.52
N,85.4,-4.64,188.64,0.89,5.65,82.45,-6.91,149.13,0.85,6.03,96.12,9.26,112.73,1.09,8.3,83.38,-2.09,142.71,0.71,6.61,84.71,-2.38,98.6,0.57,6.59,70.02,-1.78,95.75,0.59,7.24,71.83,-0.81,91.93,0.67,8.13,83.75,1.19,79.7,0.72,8.5,92.87,2.49,68.64,0.74,10.32,87.42,0.8,76.48,0.83,12.26,104.13,-1.43,98.34,0.83,7.63
N,105.8,1.5,189.2,1.05,4.2,76.2,2.57,201.72,1.18,4.89,94.7,6.99,142.73,1.35,5.77,95.68,7.81,146.64,1.37,4.84,100.19,4.69,177.48,1.27,4.22,121.95,8.13,165.39,1.29,4.59,135.67,8.6,134.94,0,0,87.43,4,6.13,0.02,0.19,61.96,1.54,16.7,0.05,4.78,62.94,1.88,34.24,0.07,3.85,25.14,0.87,52.39,0.08,3.11
N,499.1,7.06,26.45,0.6,2.63,422.7,2.06,32.14,0.59,2.8,435.04,8.65,30.78,0.5,2.76,645.05,1.22,21.49,0.42,3.03,344.44,-3.09,27.9,0.44,3.42,452.75,-1.42,35.68,0.54,4.13,260.37,5.81,33.53,0.49,3.88,508.37,10.67,47.76,0.55,3.56,240.54,11.87,54.92,0.53,2.84,325.51,5.9,27.19,0.39,2.59,693.45,5.6,15.29,0.34,2.95
N,50.73,1.47,176.62,0.62,8.72,26.76,-7.86,141.85,0.55,10.77,29.83,-5.12,156.33,0.42,8.99,54.32,-3.59,166.55,0.54,11.94,37.13,-23.88,373.05,0.86,12.85,85.42,-12.96,251.14,0.94,11.47,170.01,-24.33,261.86,4.25,50.81,226.14,-63.91,39.65,1.15,11.63,280.37,-27.13,22.75,0.25,1.6,133.14,-45.81,98.89,0.65,3.82,34.2,-55.58,316.14,0.69,4.64
N,254.83,4.25,48.48,1.15,5.4,144.93,5.18,113.47,1.42,5.88,204.63,7.67,52.83,1.09,4.95,182.38,6.61,68.7,1.28,6.19,172.42,5.63,56.1,1.08,5.77,163.9,4.18,61.03,0.81,4.49,143.95,6.25,73.23,0.8,4.14,106.88,2.67,74,0.78,3.94,114.08,6.3,74.59,0.77,3.71,136.26,5.58,70.56,0.76,3.2,173.5,2.09,67.18,0.7,3.12
N,198.01,-16.53,12.2,0.2,1.59,111.53,-30.45,21,0.41,3.93,120.14,-17.91,40.32,0.38,2.35,220.27,-43.5,71.55,0.69,1.97,419.63,-6.42,25.34,1.51,4.21,367.93,9.08,57.57,2.59,14.29,107.13,-86.29,481.3,2.68,10.96,701.09,-49.71,18.18,0.53,1.6,370.24,-34.23,22.33,0.04,0.14,816.2,-5.98,9.42,0.6,2.31,2834.11,-3.26,3.88,0.35,1.64
N,289.22,6.86,85.58,2.03,8.58,200.63,7.58,115.41,1.91,7.77,236.73,17.59,66.2,1.87,8.34,158.69,12.89,143.69,1.37,9.24,284.68,7.13,80.93,1.2,8.21,222.97,4.74,81.85,1.25,7.58,308.39,2.13,97.09,1.12,6.71,189.72,2.2,83.42,0.96,4.84,170.37,-3.7,74.63,0.96,4.4,191.23,3.5,57.8,1.03,5.35,234.67,1.52,36.48,0.92,5.7
N,152.81,3.1,64.61,1,3.11,70.75,-39.36,522.16,1.06,3.36,68.71,-2.06,317.01,0.96,3.32,110.05,2.12,262.56,0.99,3.09,176.47,7.22,172.26,1.07,3.06,100.76,8.22,116.33,1.1,2.93,149.9,9.55,98.4,1.24,2.94,134.42,4.16,96.35,1.26,3.07,133.71,5.35,88.15,1.28,3.4,152.68,8.77,77.44,1.37,3.69,177.24,8.9,64.08,1.36,3.59
N,122.78,12.07,162.87,0.86,7.04,119.32,12.58,165.11,0.93,8.57,221.85,13.19,56.62,0.66,7.4,234.12,8.87,52.08,0.49,6.08,220.08,6.42,57.4,0.43,5.35,244.16,5.66,52.27,0.41,4.58,242.8,2.64,83.26,0.29,4.79,140.79,1.87,101.64,0.3,5.46,168.04,3.78,71.23,0.31,5.27,185.71,0.88,66.72,0.28,9.34,166.43,-0.93,68.73,0.14,8.14
N,87.94,8.28,127.15,2.49,8.66,80.77,7.43,99.17,2.17,8.12,82.34,11.1,67.09,1.62,9.55,117.55,19.12,59.41,1.72,14.2,88,8.36,126.34,1.35,6.93,92.82,3.69,119.36,1.21,4.84,103.9,13.48,81.03,1.25,4.89,139.83,10.36,53.72,1.23,4.88,126.49,4.95,61.39,1.16,4.72,132.71,5.5,62.14,1.13,4.78,121.28,3.08,54.91,1.07,4.52
N,200.73,-2.59,79.52,1.51,8.05,182,1.56,70.46,1.54,10.71,165.18,1.92,76.88,1.76,10.77,152.87,7.68,71.81,2.27,11.8,148.04,0.32,75.84,1.25,8.24,97.99,0.29,60.3,0.86,7.78,87.14,-1.94,60.6,0.73,6.64,96.3,0.95,79.02,0.98,5.71,100.58,-0.86,57.89,0.81,3.85,96.14,-20.24,76.08,0.82,4.05,69.62,-33.41,91.71,0.86,3.95
N,187.46,11.8,84.4,2.06,6.01,214.2,14.2,68.08,2.4,8.04,157.49,7.81,81.42,1.7,5.75,169.89,9.49,49.94,1.6,5.31,138.93,10.83,63.23,1.41,5.65,129.41,8,61.75,0.91,5.59,132.78,2.32,59.99,0.87,6.86,122.9,0.74,58.3,0.86,5.84,136.3,1.51,43.17,0.78,5.48,177.48,3.41,36.97,0.83,5.8,140.9,4.23,45.61,0.93,6.06
N,233.79,-17.97,23.28,0.33,1.23,138.55,1.93,63.29,0.9,3.29,153.1,3.86,59.41,0.84,3.29,126.31,4.37,97.69,1.2,3.66,162.51,15.76,62.1,1.08,2.45,201.67,12.22,54.1,0.85,1.9,279.12,-1.93,25.39,0.6,1.75,259.49,-7.84,31.59,0.45,2.09,206.71,3.83,35.72,0.66,2.55,209.08,7.03,38.1,0.81,2.28,187.98,21.27,66.05,1.36,3.82
N,446.32,9.06,22.03,0.92,3.52,466.7,11.13,19.86,0.84,3.3,165.71,10.6,47.89,0.5,2.96,2413.03,6.85,3.69,0.21,2.48,38981.75,8.13,0.08,0.07,0,74366.25,2.1,0.05,0.01,0,29866.52,5.84,0.1,0.07,0,22482.71,6.46,0.11,0.07,0,1525.64,8.44,9.84,0.09,0,2254.53,3.94,10.48,0.07,0,214.44,10,10.12,0.04,0
N,219.85,8.31,33.12,0.42,2.51,193.3,-6.53,29.97,0.43,4.07,232.35,4.01,27.94,0.23,2.49,260.45,9.82,38.5,0.47,5.33,232.61,-1.07,42.06,0.68,5.97,435.99,4.34,33.46,0.8,5.31,312.21,-3.92,27.29,0.69,5.04,199.58,-2.82,34.74,0.39,4.7,130.92,1.23,50.15,0.24,5.55,104.74,0.59,56.48,0.27,5.38,62.2,5.95,49.02,0.2,2.89
N,120.3,-4.03,235.97,1.02,4.01,105.55,0.39,262.93,1.27,4.21,167.08,12.99,165.46,1.6,5.1,124.47,-4.94,259.66,1.74,7.13,118.46,-10.14,325.49,0.92,4.28,82.53,-3.06,240.46,0.91,4.39,63.65,0.93,176.46,0.93,5.01,57.93,4.61,151.81,0.86,4.32,69.08,-1.17,97.75,0.8,4.4,69.87,2.07,95.95,0.97,5.33,69.28,-0.95,96.48,0.82,5.17
N,135.02,6.31,27.67,0.62,7.49,188.49,6.93,21.61,0.52,7.32,337.16,25.69,32.08,0.3,4.83,321.09,4.98,28.86,0.26,3.71,348.79,-0.91,21.71,0.27,3.66,186.2,-22.71,37.56,0.25,2.79,210.51,-29.28,16.41,0.22,1.84,291.76,2.25,13.18,0.35,2.97,284.2,-0.75,13.67,0.23,2.04,339.94,-18.33,15.33,0.31,2.2,437.04,1.97,11.8,0.31,2.16
N,132.8,3.51,81.72,1.26,4.19,125.97,4.39,65.99,1.13,3.43,120.29,1.93,80.76,1.21,3.77,109.76,1.59,104.59,1.33,3.83,110.98,-1.81,124.68,1.28,2.9,117.48,5.98,103.81,1.33,2.75,175.91,11.12,51.41,1.41,3.21,158.78,13.56,60.28,1.35,3.13,132.41,6.42,72.69,1.14,2.64,127.44,7.92,74.26,1.02,2.34,144.72,4.18,55.67,0.96,2.19
N,140.89,1.89,184.37,1.43,4.11,99.47,-7.85,245.19,1.18,4.11,106.7,1.41,164.03,1.1,4.08,132.91,2.03,184.92,0.98,3.27,78.34,-17.62,1401.47,1.05,3.08,96.03,-8.12,232.76,1.11,3.23,95.61,1.81,214.35,1.32,4.17,101.14,1.66,182.97,1.31,4.18,97.94,2.93,155.56,1.11,3.75,128.64,2.64,148.55,1.07,3.64,130.37,1,88.95,1.07,3.52
N,121.24,5.63,36.55,0.35,4.62,164.56,3.38,25.58,0.35,4.82,109.64,0.35,23.35,0.33,5.13,97.25,3.41,17.88,0.35,6.21,181.31,6.68,14.71,0.4,6.69,302.68,11.02,15.01,0.43,7.78,307.27,9.2,13.65,0.39,7.38,179.89,9.51,16.62,0.38,7.25,114.16,6.13,36.92,0.31,6.56,370.97,10.66,42.03,0.37,7.57,431.68,9.48,40.81,0.35,7.17
N,257.04,1.44,28.37,1.03,3.25,198.69,1.38,49.45,1.2,3.77,233.16,8.72,45.55,1.31,4.11,244,9.21,42.93,1.16,4.18,255.74,6.89,40.8,1.09,4.59,369.13,1.16,25.49,0.97,4.39,293.51,-3.61,34.06,0.99,4.87,321.67,-1.35,28.49,1,5.16,273.15,1.47,33.68,1.15,5.81,278.86,5.95,34.29,1.14,6,334.31,5.3,29.05,1.06,5.66
N,528.28,-17.18,6.79,0.09,2.36,5977.56,-19.85,3.91,0.08,1.51,7337.3,-25.83,68.84,0.06,1.84,237.17,-22.44,31.33,0.05,2.18,1522.33,-12.57,7.45,0.06,1.99,4016.86,-28.94,2.25,0.19,8.17,5121.22,-12.26,2.29,0.04,3.46,2801.24,-11.68,3.49,0.1,6.3,2349.62,7.04,4.66,0.25,10.79,909.31,3.09,6.05,0.28,10.7,333.42,0.87,150.02,0.24,7.12
N,792.68,-6.49,10.3,0.62,6.56,682.95,7.99,11.94,0.78,6.88,722.89,8.27,15.42,0.66,6.76,246.77,8.8,33.86,0.64,7.18,769.12,4.09,14.5,0.56,5.16,538.79,3.57,17.73,0.76,5.91,754.81,2.41,13.43,0.73,6.47,1007.11,0.38,11.55,0.58,7.44,714.95,2.5,13.73,0.73,10.95,574.14,1.47,16.91,0.77,10.13,652.55,1.71,20.11,0.8,11.01
N,471.54,5.25,37.71,0.55,3.17,228.43,4,32.95,0.58,3.61,90.65,9.59,101.37,0.41,3.69,92.73,1.2,90.57,0.36,3.43,54.16,3.24,95.66,0.38,3.1,51.37,1.44,96.25,0.36,3.1,24.52,0.87,127.94,0.29,2.87,170.71,2.9,82.21,0.28,2.81,170.78,-1.14,71.15,0.36,3.24,79.03,1.1,69.83,0.42,3.26,116.22,1.49,56.51,0.43,2.94
N,436.02,0.2,91.95,0.5,2.13,317.93,-4.68,67.24,0.29,3.01,137.34,0.11,86.43,0.34,4.64,111.89,0.22,96.95,0.51,3.86,232.67,15.53,42.91,0.72,3.57,228.1,4.3,41.32,0.81,3.49,180.51,4.63,49.9,0.81,3.68,266.98,2.6,40.61,0.67,3.73,413.82,1.31,24.15,0.59,3.9,773.78,0.82,17.49,0.6,3.31,620.73,6.42,15.86,0.72,3.34
N,214.31,3.22,83.76,1.12,10.37,162.32,-5.16,76.19,1.09,10.95,162.63,-1.45,77.42,0.96,11.72,143.67,-1.08,95.11,0.99,8.88,128.59,0.4,106.71,0.87,7.11,127.76,1.42,139.5,1.31,7.92,112.02,-3.65,183.19,1.39,6.63,116.69,1.94,166.63,1.36,6.22,110.2,-1.83,188.73,1.08,4.57,116.95,-1.88,160.46,1.28,5.73,105.96,2.36,149.81,1.37,7.44
N,204.17,1.34,56.23,1.48,20.78,285.02,13.9,47.38,1.93,19.61,442.78,21.19,28.79,2.07,20.29,454.69,19.63,21.21,1.85,21.7,398.77,7.24,24.1,1.71,21.06,269.73,1.68,36.32,1.51,18.23,398.41,6.94,25.38,1.67,18.76,319.47,1.07,28.43,1.42,11.82,363.79,5.18,23.84,1.49,9.99,462.71,7.7,20.62,1.4,10.41,486.23,9.36,16.99,1.23,12.87
N,311.23,-1.64,32.98,1.04,3.66,169.25,-4.83,77.38,0.87,6.61,123.4,-14.42,91.88,0.66,11.53,203.38,0.94,66.14,0.66,5.53,201.67,-15.78,75.14,0.41,3.6,308.52,-2.54,49.49,0.38,7.16,231.72,2.7,36.04,0.48,4.93,380.15,-19.38,50.62,0.23,1.28,169.18,-31.92,109.2,0.25,1.04,67.67,0.33,155.41,0.49,2.24,164.89,-85.78,105.2,0.06,0.35
N,245.84,7.58,56.68,1.77,10.41,268.82,-1.12,52.37,1.62,11.69,278.82,0.43,48.39,1.15,9.67,220.22,0.65,66.61,1.18,9.53,177.77,-12.83,94.41,1.28,9.26,136.4,-23.41,159.82,1.44,8.98,160.31,1.86,89.75,1.42,8.92,138.9,2.82,124.98,1.24,8.83,150.05,5.19,121.44,1.13,8.76,152.23,-4.02,101.22,1.16,8.92,135.12,-29.79,185.76,1.23,7.7
N,109.14,7.21,154.08,2.45,4.61,106.69,6.01,153.78,2.29,4.01,185.19,7.67,66.19,1.88,3.69,208.04,7.17,57.07,1.76,3.89,205.87,3.24,57.63,1.33,2.83,202.3,4.07,67.34,1.3,2.8,214.78,1.33,65.07,1.44,3.17,186.79,1.69,65.48,1.28,2.89,155.49,1.88,85.07,1.2,2.96,145.86,3.68,98.8,1.16,2.96,174.27,5.11,65.27,1.23,3.47
N,913.88,-47.55,27.06,0.12,1.95,510.88,-19.1,33.9,0.22,4.48,283.31,39.39,28.04,0.37,5.09,282.98,-16.91,26.91,0.37,4.12,562.51,-27.66,71.44,0.31,2.54,428.29,-13.58,93.37,0.29,2.44,502.3,0.73,84.56,0.42,3.33,478.71,-2.54,20.18,0.44,2.37,727.32,-8.16,19.41,0.36,1.42,391,-32.61,72.73,0.37,1.31,156.3,-1.72,69.48,0.47,1.53
N,113.89,19.98,186.9,1.06,1.28,128.17,10.14,175,1.57,2.47,207.76,14.95,76.99,1.32,3.21,221.03,11.88,74.94,0.97,2.9,273.35,8.67,52.34,0.89,2.54,527.76,6.51,38.41,0.81,2.43,182.88,9.04,63.65,0.82,2.71,473.5,6.38,21.27,0.61,2.64,279.27,8.21,17.74,0.54,2.79,276.57,7.37,30.52,0.52,2.61,216.26,7.62,42.5,0.47,2.49
N,193.57,12.3,77.11,1.94,8.39,134.05,9.59,139.25,1.99,8.9,160.37,7.26,88.44,1.24,6.43,188.95,6.14,109.45,1.25,6.62,164.15,7.66,123.54,1.07,4.74,165.87,7.14,83.9,1.16,4.07,154.68,6.98,87.56,1.15,3.63,153.76,4.75,100.08,1.07,3.18,190.2,5.3,67.63,1.08,3.16,248.47,3.95,40.79,1.2,3.7,268.26,5.27,37.66,1.31,4.1
N,156.11,10.52,35.59,1.93,12.6,89.45,18.36,38.59,2.01,20.71,117.25,9.17,102.64,0.86,4.3,94.8,10.11,74.38,1.39,6.53,174.67,12.76,43.13,1.36,10.82,124.86,3.69,63.16,1.12,11.41,150.69,13.05,57.69,1.48,13.82,130.09,11.66,62.55,1.43,13.12,116.47,4.93,60.87,1,7.53,104.77,6.62,86.11,1.07,7.71,181.24,5.99,69.02,0.97,7.97
N,86.94,15.42,5634.65,0.82,6.92,76.24,5.35,403.74,0.56,12.74,100.26,-63.26,153.27,0.45,11.46,84.76,-33.87,174.81,0.55,13.17,69.97,-20.85,288.5,0.7,23.03,94.21,-4.75,189.14,0.96,30.25,112.14,-3.83,128.23,0.89,30.81,141.02,-13.89,108.86,0.72,25.34,63.91,3.48,89.54,0.38,12.27,213.19,-0.6,94.07,0.65,17.88,325.36,-26.32,20.38,0.51,4.91
N,232.57,-35.38,52.45,0.83,5.96,332.9,-22.34,22.71,1.15,10,407.94,-14.9,10.6,0.29,3.83,613.45,-8.91,13.7,0.41,11.4,971.08,2.59,12.47,0.43,11.52,846.08,-5.19,13.28,0.41,11.4,703.89,-16.21,16.75,0.44,10.3,156.63,-96.18,22.53,0.35,11.63,199.21,5.87,23.4,0.54,14.71,192.36,-6.39,13.83,0.37,9.12,957.54,-18.87,5.94,0.17,7.71
N,185.45,8.79,75.73,1.86,5.85,171.05,6.45,71.76,2.09,6.69,203.35,8.61,48.78,1.66,5.13,200.12,9.05,49.07,1.69,5.12,192.15,9.21,63.4,1.72,5.36,216.64,9.35,59.35,1.38,5.14,175.37,8.77,87.79,1.43,5.78,191.77,6.38,78.4,1.28,5.65,191.6,5.46,70.99,1.24,6.59,179.66,8.51,87.87,1.37,6.51,211.01,9.15,67.74,1.7,8.58
N,381.51,3.36,15.67,0.39,14.87,660.06,2.41,8.46,0.35,12.9,787.18,5.23,6.98,0.36,11.64,486.9,8.73,12.06,0.63,13.4,496.76,3.06,11.38,0.67,11.69,632.3,2.61,9.8,0.58,10.03,703.45,1.15,9.26,0.47,8.85,634.49,0.98,10.14,0.44,8.2,725.29,-2.37,9.35,0.37,6.17,755.95,-1.1,9.22,0.34,6.25,709.77,4.82,8.91,0.29,6.55
N,249.22,15.23,35.52,1.34,7.5,158.23,19.93,57.07,1.48,6.59,270.2,15.53,35.13,1.23,5.06,248.94,3.05,38.9,1.16,4.83,268.04,8.65,35.2,1.19,4.39,292.32,4.56,34.97,1.1,5.09,258.15,4.93,35.08,1.31,7.39,348.57,10.74,25.65,1.27,6.6,590.06,5.78,14.05,1.26,7.55,806.58,7.98,9.66,1.05,8.14,890.27,2.17,7.93,0.76,7.69
N,487.03,33.47,14.32,0.71,5.04,84.8,21.6,33.24,0.53,5.02,105.3,-6.79,33.66,0.42,4.26,110.57,10.58,36.03,0.39,4.53,79.35,9.42,40.53,0.34,5.31,55.58,-5.17,71.23,0.27,5.28,18.92,-35.69,163.84,0.21,4.51,18.87,-10.88,163.2,0.23,4.35,15.93,-13.87,173.18,0.23,4.01,23.33,-0.48,112.31,0.17,3.14,6.87,-16.54,133.84,0.13,3.8
N,6695.13,-1.2,1.16,0.36,43.88,717.8,-8.47,8.36,0.34,10.21,727.53,8.53,15.98,0.64,14.86,551.21,-4.75,13.05,0.73,16.09,388.16,-6.33,15.56,0.9,16.24,484.22,1.15,12.02,0.98,17.16,1208.64,-32,8.69,0.99,15.55,703.02,-5.22,8.95,0.8,12.51,1260.55,7.85,5.02,0.8,14.32,949.52,23.05,49.59,0.46,14.28,1095.59,1.16,46.85,0.35,13.76
N,997.15,11.65,9.09,0.82,12.9,958.94,7.62,9.33,0.74,11.02,1033.93,5.26,7.87,0.77,10.54,940.29,6.13,8.17,0.78,11.38,696.34,5.43,9.59,0.78,12.75,858.35,1.38,6.73,0.69,11.96,563.78,0.02,10.11,0.73,11.72,584.13,-10.94,9.73,0.8,10.7,386.99,-7.87,14.82,0.76,7.66,279.1,-15.27,17.1,0.78,7.87,332.39,2.98,15.24,1,8.96
N,304.3,10.55,35.44,1.5,19.06,432.18,14.48,22.92,2.11,11.9,518.8,17.29,16.37,2.52,11.29,636.21,18.24,13.86,2.65,21.93,406.88,3.16,94.81,1.05,14.24,145.5,4.52,168.1,1.05,25.5,123.19,3.4,203.97,1.36,25.9,98.3,3.98,183.36,1.51,12.25,81.41,1.82,131.68,1.18,9.4,77.92,3.75,161.95,1.47,12.59,80.88,1.76,163.75,1.13,8.13
N,123.85,0.03,176.95,1.41,3.29,130.33,0.41,154.42,1.59,4,131.05,4.03,164.12,1.62,4.08,138.22,3.9,136.77,1.5,3.52,139.75,4.44,140.78,1.65,3.45,155.25,3.01,133.59,1.41,2.92,160.22,3.06,128.12,1.59,3.33,151.92,-4.94,150.78,1.66,3.47,149.91,2.37,113.08,1.39,3.38,146.6,2.29,148.67,1.49,3.57,176.59,0.89,95.77,1.3,3.27
N,126.98,-6.08,114.14,1.95,3.96,146.93,-20.78,134.65,1.92,4.65,122.54,5.8,125.16,1.78,6.03,95.16,0.8,153.95,1.39,6.18,186.55,2.83,115.16,1.4,6.32,93.56,-40.37,149.3,1.08,4.23,135.39,-31.39,140.56,0.99,3.92,686.85,-26.16,29.73,0.24,1.63,402.73,-78.22,46.11,0.44,2.94,735.91,-76.83,13.81,0.26,1.38,993.21,-17.01,80.76,0.1,2.55
N,146.29,-0.5,91.72,1.18,3.3,158.18,0.54,104.89,1.17,4.28,125.24,3.14,86.64,1.05,5.09,132.95,2.88,133.91,1.35,6.45,68,-5.73,269.89,1.1,6.03,53.54,-26.54,2212.08,0.68,3.61,102.38,-30.88,1362.71,0.41,1.74,74.14,8.82,614.44,0.92,3.71,73.72,5.25,296.05,1.14,5.08,134.94,-5.49,77.93,0.38,2.37,256.38,-3.16,52.96,0.28,2.81
