audit,2011A,2011B,2011C,2011D,2011E,2011F,2012A,2012B,2012C,2012D,2012E,2012F,2013A,2013B,2013C,2013D,2013E,2013F,2014A,2014B,2014C,2014D,2014E,2014F,2015A,2015B,2015C,2015D,2015E,2015F
Y,66.15,60.19,88.71,55572131000,0.92,4.19,105.11,48.75,81.79,69170633000,0.62,3.48,117.15,46.05,86.49,73441327000,0.51,3.16,122.56,44.93,85.61,63334335000,0.51,3.05,80.87,55.29,63.18,75640838000,0.42,2.59
Y,54.03,64.92,67.03,53048212000,0.05,0,54.87,64.57,61.61,52399613000,0.06,0,54.22,64.84,89.17,51713233000,0.06,0,55.18,64.44,80.6,51147470000,0.06,0,9.03,91.72,388.53,38256138000,0.06,0
Y,882.83,10.17,50.45,6841344000,1.42,4.14,1557.51,6.03,41.97,5618385000,1.35,3.73,1177.59,7.83,42.82,5339825000,1.51,3.53,657.06,13.21,49.52,7851457000,1.22,2.67,417.53,19.32,40.3,5608038000,1.29,2.72
Y,260.77,27.72,48.87,1.12E+11,2.18,28.89,264.24,27.45,39.78,1.17E+11,1.91,27.87,293.98,25.38,61.3,1.18E+11,1.15,17.36,280.5,26.28,47.92,1.24E+11,1.29,18.64,257.96,27.94,50.56,1.19E+11,1.3,16.6
Y,89.63,52.73,73.69,5.58E+11,0.3,2.46,40.66,71.09,113.06,4.09E+11,0.2,3.21,40.71,71.07,84.89,4.30E+11,0.11,2.88,34.28,74.47,97.12,4.19E+11,0.2,3.5,34.76,74.21,104.98,3.96E+11,0.2,8.56
Y,259.52,27.81,43.92,71024111000,0.79,52.59,2174.68,4.4,34.79,50482246000,0.39,27.53,298.57,25.09,67.9,58729097000,0.66,113.87,422.39,19.14,52.34,50773483000,0.27,139.75,148.52,40.24,223.53,44717013000,0.23,72.25
Y,52.92,65.39,120.99,15691740000,2.02,11.5,81.18,55.19,97.05,19154581000,1.46,7.76,105.32,48.7,92.47,23372476000,0.94,6.17,100.53,49.87,80.82,23345928000,0.86,5.65,70.05,58.81,75.04,20594320000,1,5.77
Y,170.64,36.95,69.15,60778729000,1.63,6.82,175.01,36.36,76.61,76153402000,1.18,6.12,165.56,37.66,68.81,76729509000,0.98,6.17,142.98,41.16,57.41,76505408000,1.02,6,119.1,45.64,53.6,76501096000,1.04,5.33
Y,11.74,89.49,1817.75,14141725000,0.46,0,10.13,90.8,3077.79,15347837000,0.3,0,5.48,94.8,5185.35,15115148000,0.23,0,10.83,90.23,3653.47,16358861000,0.19,0,5.51,94.78,4811.02,16497865000,0.17,0
Y,20.68,82.86,151.82,11887539000,0.45,189.96,13.95,87.76,170.81,19435289000,0.3,84.18,79.32,55.77,57.45,39695386000,0.58,28.23,72.46,57.98,9.54,58604145000,0.05,3.14,49.95,66.69,49.31,45894072000,0.05,13.01
Y,12.69,88.74,443.61,2.81E+11,0.72,22.11,12.53,88.87,504.84,3.07E+11,0.64,20.24,16.14,86.1,347.58,3.34E+11,0.5,19.19,10.3,90.67,388.02,3.34E+11,0.48,18.52,12.9,88.57,296.18,3.48E+11,0.51,19.13
Y,148.03,40.32,67.96,24906759000,0.63,15.08,126.26,44.2,62.57,21268067000,0.36,33.49,206.16,32.66,71.31,17084148000,0.97,26.41,48.81,67.2,157.69,19052798000,0.67,11.1,78.07,56.16,101.8,30632344000,0.66,14.55
Y,46.71,68.16,163.93,96578257000,1.6,7.69,62.94,61.37,106.98,1.40E+11,1.7,6.39,18.99,84.04,326.65,1.03E+11,1.01,3.87,46.52,68.25,208.24,1.50E+11,1.48,9,53.08,65.32,189.15,1.63E+11,0.98,5.77
Y,9.97,90.93,573.8,5139207000,0.37,0,8.66,92.03,721.29,5022379000,0.14,0,10.67,90.36,620.12,4551229000,0.09,0,12.44,88.94,295.93,4165645000,0.23,0,64.45,60.81,100.75,5545822000,0.11,8.73
Y,416.77,19.35,54.63,6123436000,1.21,6.54,416.01,19.38,52.86,6621679000,1.28,6.98,349.31,22.26,65.24,6678357000,1.6,10.3,254.41,28.22,55.63,6574592000,1.22,8.52,285.99,25.91,69.07,7984529000,1.42,10.49
Y,103.38,49.17,82.8,69041513000,0.48,3.39,91.22,52.3,108.39,74301519000,0.49,3.63,111.07,47.38,106.37,76719687000,0.29,2.79,177.33,36.06,70.33,79597207000,0.25,2.7,151.77,39.72,111.12,52447671000,0.42,4.47
Y,160.43,38.4,82.33,3.03E+11,1.02,6.33,160.07,38.45,109.96,3.18E+11,0.85,6.68,174.04,36.49,94.04,2.96E+11,0.45,5.66,177.78,36,51.69,2.65E+11,0.61,6.09,169.66,37.08,41.44,2.16E+11,0.38,3.85
Y,122.21,45,53.09,25503010000,0.96,4.3,160.43,38.4,35.27,31866164000,0.87,4.44,134.23,42.69,51.88,38654649000,0.77,3.83,107.85,48.11,70.65,39489082000,0.75,3.71,122.83,44.88,94.07,46287194000,0.81,6.19
Y,86.55,53.61,114.48,9667772000,2,8.63,109.58,47.71,137.59,12590998000,1.51,6.82,387.99,20.49,66.65,12327756000,1.16,4.32,480.5,17.23,49.41,15343856000,1.02,3.32,334.23,23.03,44.44,12669685000,0.88,2.63
Y,124.24,44.6,75.61,32981707000,1.03,11.6,180.85,35.61,73.81,35706700000,0.69,9.36,245.35,28.96,79.06,41598236000,1.17,16.28,1096.01,8.36,30.08,34367122000,0.83,7.33,0,0,17.15,30475282000,0.38,2.39
Y,4.55,95.65,759.29,18557694000,0.99,899.46,5.01,95.23,603.73,15378864000,0.36,299.78,5.17,95.08,812.26,18423031000,0.19,13.86,8.23,92.4,628.66,19733197000,0.22,2.54,24.82,80.11,242.21,17729164000,0.27,1.51
Y,566.75,15,35.44,1.52E+11,0.2,2.18,1703.55,5.54,12.61,1.29E+11,0.1,4.39,2568.83,3.75,6.4,1.22E+11,0.1,7.66,421.23,19.19,228.77,1.09E+11,0.11,19.65,6.23,94.14,319.68,1.12E+11,0.08,0
Y,165.21,37.71,99.08,22511679000,1.13,34.88,190.91,34.38,86.32,24993233000,1.1,27.04,176.25,36.2,65.06,25813500000,1.05,30.26,158.21,38.73,85.3,25292178000,0.96,32.91,171.51,36.83,67.94,27852844000,0.94,32.7
Y,22.88,81.38,226.95,87328486000,0.62,5.18,38.95,71.97,597.38,1.03E+11,0.6,5.56,55.28,64.4,117.59,98463146000,0.51,5.1,90.14,52.59,123.01,93418682000,0.57,5.7,47.66,67.72,244.26,76725772000,0.59,5.73
Y,361.43,21.67,85.83,2.33E+11,0.76,19.67,260.08,27.77,91.46,3.16E+11,0.74,19.65,187.33,34.8,123.49,3.73E+11,0.66,21.47,0,0,46.86,2.48E+11,0.72,23.68,255.32,28.14,246.78,2.16E+11,0.6,16.99
Y,68.27,59.43,142.65,12745931000,0.69,7.63,71.03,58.47,132.19,13488407000,0.64,7.3,77.79,56.25,155.68,14959870000,0.99,15.46,38.48,72.21,256.19,12875203000,1.01,28.6,53.39,65.19,202.37,15167163000,1.2,44.28
Y,1328.73,7,19.41,35881343000,2.03,8.33,668.53,13.01,21.25,24846926000,1.48,6.2,550.92,15.36,35.74,25739556000,1.73,6.13,391.47,20.35,37.59,24829506000,1.62,5.73,602.95,14.23,39.53,32362685000,1.3,5.01
Y,35.23,73.95,105.71,58799925000,0.07,0,27.69,78.31,87.42,50575892000,0.15,0,119.51,45.56,4.22,29530866000,0.11,102.51,66.88,59.92,1353.91,34154339000,0,0,73.94,57.49,48.55,34809822000,0,0
Y,73.07,57.78,159.42,74102826000,1.68,21.66,124.57,44.53,107.44,91545358000,1.85,15.8,589.86,14.5,52.02,69375449000,1.82,15,367.61,21.39,56.42,57115028000,1.57,15.8,183.95,35.22,50.64,30446911000,0.34,3.55
Y,323.4,23.62,84.34,3.63E+11,0.9,4.6,299.28,25.04,79.94,3.47E+11,0.91,4.99,394.23,20.23,77.71,3.19E+11,0.61,3.26,613.7,14.01,68.06,3.27E+11,0.73,4.21,0,0,40.68,2.18E+11,0.41,2.6
Y,11.85,89.41,409.7,31475041000,0.65,1.84,10.37,90.61,459.92,28587822000,0.65,1.8,10.09,90.83,408.43,27397984000,0.67,1.78,7.66,92.88,612.75,27436744000,0.89,2.47,11.36,89.8,469.15,29040180000,0.89,2.88
Y,547.43,15.45,64.96,2.97E+11,1.73,15.08,610.63,14.07,71.81,3.55E+11,1.76,17.3,512.72,16.32,67.41,3.63E+11,1.63,15.86,342.93,22.58,81.98,3.60E+11,1.66,16.29,288.02,25.77,72.04,3.35E+11,1.7,16.6
Y,100.18,49.96,144.16,1.18E+11,0.86,29.5,197.89,33.57,33.75,86399676000,0.55,18.69,3277.65,2.96,26.27,57835496000,0.51,22.41,0,0,19.71,42790257000,0.38,51.69,8942.98,1.11,40.6,36326271000,0.58,103.25
Y,17.12,85.38,284.06,1.40E+11,0.9,11.48,12.64,88.78,413.62,1.49E+11,0.63,7.41,13.61,88.02,289.4,1.74E+11,0.72,7.45,22.41,81.69,197.27,1.78E+11,0.77,6.89,17.86,84.85,432.49,2.14E+11,0.78,6.57
Y,222.58,31,26.97,22466153000,0.29,13.53,62.13,61.68,95.21,11594831000,0.54,46.5,37.49,72.73,110.23,10043250000,0.82,40.16,59.33,62.76,71.9,4968364000,0.98,19.3,82.75,54.72,79.37,5277522000,1.09,14.44
Y,240.41,29.38,138.92,40274320000,4.88,0,127.11,44.03,167.57,39320011000,5.06,0,119.59,45.54,167.84,39246638000,5.15,0,121.66,45.11,166.06,43638928000,5.48,0,0,0,0,0.00E+00,0,0
Y,147.36,40.43,156.82,73362719000,0.88,5.11,188.83,34.62,122.62,1.18E+11,1.13,7.84,341.39,22.66,88.51,1.25E+11,0.66,4.66,222.79,30.98,52.36,71961837000,0.54,4.2,206.27,32.65,130.2,56876734000,0.65,6.72
Y,44.19,69.35,165.58,34263557000,0.61,9.53,32.81,75.29,207.9,31202420000,0.51,9.84,49.59,66.85,366.04,21849049000,0.49,365.99,96.89,50.79,191.13,71550155000,0.12,220.02,116.6,46.17,245.4,73405373000,0.06,323.9
Y,28.92,77.57,197.63,83189646000,1.03,8.71,20.17,83.22,260.44,74328103000,0.87,7.67,58.34,63.15,419.82,87516105000,0.59,7.47,69.51,58.99,105.39,76525885000,0.4,9.17,114.93,46.53,130.89,91741029000,0.51,6.8
Y,244.84,29,109.41,38159928000,0.52,0,385.79,20.59,54.59,14287133000,0.06,23.01,284.17,26.03,70.13,15955542000,0.4,82.23,222.61,31,82.83,17971928000,0.14,0,219.12,31.34,82.52,18050611000,0,0
Y,76.05,56.8,198.78,26514625000,1.32,8.77,53.61,65.1,259,24637691000,0.85,5.36,79.93,55.58,112.91,25879435000,0.7,4.2,233.31,30,54.18,23699547000,0.63,3.54,266.14,27.31,46.01,25211311000,0.6,3.54
Y,130.51,43.38,103.2,14902721000,0.91,4388.48,58.87,62.94,94.21,10125054000,0.9,8901.66,18.06,84.7,119.62,7330350000,0.52,0,13.64,88,177.97,3079100000,0.12,0,21.03,82.62,122.84,2167820000,0,0
Y,111.86,47.2,28.39,31790100000,0.97,148.27,82.84,54.69,50.24,27012787000,1.03,119.59,90.47,52.5,45.16,23292920000,1.05,87.02,85.25,53.98,49.17,21119024000,0.79,59.7,52.14,65.73,80.91,10254106000,1.07,59.83
Y,64.17,60.91,241.12,38988493000,2.11,37.44,115.89,46.32,156.17,61204315000,2.53,233.24,76.42,56.68,200.47,65689468000,2.08,467.42,48.16,67.5,288.33,53371304000,1.87,1760.13,56.67,63.83,269.12,63811600000,0,0
Y,178.8,35.87,40.84,27742254000,1.32,5.25,132.64,42.98,53.65,38925125000,1.07,4.64,156.76,38.95,74.12,42576122000,0.9,4.99,239.7,29.44,56.23,51907857000,0.78,5.76,202.37,33.07,66.07,56290610000,0.76,6.34
Y,25.78,79.5,372.46,34253330000,1.19,17.79,52.06,65.76,336.01,42528445000,0.76,7.31,46.8,68.12,116.42,45187321000,0.55,5.89,71.44,58.33,36.79,65265836000,0.21,3.05,153.97,39.37,69.61,80784543000,0.18,3.52
Y,93.48,51.68,53.21,74551896000,0.73,27.28,72.25,58.06,52.74,67762882000,0.69,26.71,60.91,62.15,55.32,63381183000,0.63,22.24,56.97,63.7,77.14,69047745000,0.65,24.71,52,65.79,77.58,68463541000,0.59,22.28
Y,1.82,98.21,13695.18,39142836000,0.02,0,1.66,98.36,24800.54,39997523000,0.02,0,1.95,98.09,12070.01,38336011000,0.02,0,2,98.04,9370.46,36463072000,0.02,0,2.37,97.69,8879.68,37678971000,0.02,0
Y,212.69,31.98,100.3,7543692000,0.08,1.08,63.38,61.21,69.43,5641079000,0.2,3.96,46.61,68.21,246.5,4847309000,0.52,6.79,159.4,38.55,88.1,4474718000,0.78,5.39,374.01,21.1,92.47,3873283000,0.67,5.38
Y,136.47,42.29,73.63,7.40E+11,1.52,10.79,141.04,41.49,48.63,7.44E+11,1.39,10.82,148.01,40.32,61.82,7.74E+11,1.19,11.3,152.66,39.58,93.35,7.05E+11,1.09,10.15,146.05,40.64,96.94,6.70E+11,0.26,2.4
Y,48.76,67.22,683.37,10981697000,0.2,93.21,30.61,76.57,1099.7,10347080000,0.15,208.51,33.23,75.06,220.36,9439067000,0.26,0,28.7,77.7,159.74,8559722000,0.33,0,30.7,76.51,98.58,7204701000,0.22,55.4
Y,70.93,58.5,64.6,1.48E+11,1.27,5.88,105.62,48.63,62.89,1.22E+11,1.17,4.4,83.03,54.64,83.1,1.09E+11,1.28,4.86,68.53,59.34,107.8,1.07E+11,0.97,4.06,229.46,30.35,83.01,2.22E+11,1.25,3.88
Y,161.1,38.3,196.87,7371413000,0.06,1.65,95.35,51.19,30.8,3628690000,0.04,1.58,96.05,51.01,24.38,3530379000,0.02,0.7,93.19,51.76,11.12,3305390000,0.02,0.81,92.19,52.03,8.71,3188374000,0.04,3.39
Y,123.91,44.66,42.76,96117285000,0.51,1.58,116.95,46.09,47.17,94159563000,0.53,1.24,111.01,47.39,42.39,94837481000,0.59,1.27,157.55,38.83,38.13,83258071000,0.64,1.41,78.93,55.89,62.73,58958882000,0.83,1.77
Y,111.6,47.26,57.58,1.51E+11,1.01,10.24,168.9,37.19,36.93,1.23E+11,0.98,8.63,168.84,37.2,150.18,93182957000,0.87,7.04,95.8,51.07,199.56,47338361000,0.77,4.99,86.03,53.76,223.67,43249235000,0.97,4.72
Y,97.92,50.53,60.85,1.93E+11,0.43,3.48,91.73,52.16,55.34,1.66E+11,0.29,3.34,91.21,52.3,33.54,1.66E+11,0.22,3.59,103.87,49.05,11.33,1.44E+11,0.36,5.38,97.59,50.61,44.64,1.33E+11,0.08,2.4
Y,388.47,20.47,42.42,5.05E+11,0.74,5.16,502.96,16.58,53.23,4.76E+11,0.79,7.47,373.75,21.11,55.3,4.70E+11,0.83,9.18,340.29,22.71,36.39,4.55E+11,0.75,7.3,280.54,26.28,30.58,4.35E+11,0.57,5.39
Y,16.75,85.66,631.39,20356736000,0.29,2.73,86.97,53.48,1133.95,45257123000,0.21,3.68,30.56,76.59,117.47,53523669000,0.23,17.68,83.76,54.42,87.8,77413403000,0.61,366.58,9.47,91.35,41.14,62077327000,0.18,69.68
Y,101.36,49.66,32,2.69E+11,0.86,16,89.5,52.77,40.39,2.74E+11,0.81,13.72,84.2,54.29,39.56,2.75E+11,0.76,15.53,96.41,50.91,29.72,3.00E+11,0.68,13.32,124.34,44.57,38.05,2.33E+11,0.67,11.85
Y,133.74,42.78,34.57,1.44E+11,0.73,10.3,153.2,39.49,25.29,1.58E+11,0.68,9.56,960.51,9.43,45.1,1.22E+11,0.61,11.3,160.26,38.42,28.17,1.21E+11,0.65,14.25,135.51,42.46,29.07,1.22E+11,0.66,11.99
Y,61.15,62.05,175.58,1.39E+11,1.06,6.92,63.87,61.02,147.07,1.44E+11,0.99,6.71,46.63,68.2,136.1,1.33E+11,0.9,7.89,28.65,77.73,219.06,1.32E+11,0.6,6.54,22.51,81.62,158.43,1.07E+11,0.77,7.89
Y,155.45,39.15,16.24,9078185000,0.24,8.19,1292.01,7.18,30.86,4300481000,0.38,5.4,496.69,16.76,110.21,22137454000,0.23,7.67,44.11,69.39,54.97,64894881000,0.07,6.7,47.55,67.77,59.61,64684831000,0.07,5.04
Y,103.04,49.25,104.46,5.19E+11,1.67,43.8,112.58,47.04,113.74,5.89E+11,1.42,2483.76,110.41,47.53,105.24,6.14E+11,1.38,3966.83,131.55,43.19,117.28,6.59E+11,1.4,1935.46,81.93,54.97,119.59,5.89E+11,1.16,982.01
Y,24.36,80.41,22.18,5.49E+11,0.05,147.06,27.01,78.73,17.41,5.66E+11,0.05,102.87,27.53,78.41,43.04,5.03E+11,0.06,99.68,17.24,85.3,417.72,4.35E+11,0.07,131.19,12.78,88.67,166.28,3.93E+11,0.08,189.3
Y,21.42,82.36,465.12,98757749000,0.12,0,19.58,83.63,511.93,99179451000,0.06,0,17.67,84.98,691.93,1.04E+11,0.08,0,13.86,87.83,460.18,1.22E+11,0.09,0,12.41,88.96,547.69,1.19E+11,0.01,0
Y,231.42,30.17,61.11,57685285000,1.35,4.84,267.85,27.19,45.09,64963350000,1.27,4.36,293.76,25.4,43.94,74424717000,0.96,2.52,341.67,22.64,40.61,77331263000,0.94,2.27,315.37,24.07,48.63,76228000000,1.09,2.56
Y,22.41,81.69,413.61,1.50E+11,0.77,6.79,18.81,84.17,265.36,1.49E+11,0.88,7.75,14.27,87.51,358.15,1.57E+11,0.78,8.33,13.1,88.42,374.3,1.72E+11,0.69,10.57,16.97,85.49,398.06,1.92E+11,0.68,13.1
Y,22.61,81.56,340.36,4.99E+11,0,1.69,0.01,99.99,370815.33,4.84E+11,0,0,0.01,99.99,773090.21,5.31E+11,0,0,0.01,99.99,430547.21,5.05E+11,0,0,0.01,99.99,341710.62,4.47E+11,0,0
Y,572.61,14.87,91.25,31782835000,0.07,4.64,9045.45,1.09,64.6,25648516000,0.17,17.61,3827.65,2.55,74.03,25803882000,0.17,82.76,3071.04,3.15,81.36,25909075000,0.17,93.69,1995.39,4.77,67.71,25470720000,0.18,125.74
Y,167.43,37.39,69.54,82962828000,2.97,12.03,147.38,40.42,70.43,84743563000,2.59,10.19,136.41,42.3,81.2,91253792000,2.72,11.3,121.91,45.06,70.97,94701069000,2.56,10.07,101.69,49.58,68.46,95695407000,2.38,8.04
Y,104.03,49.01,17.25,89601297000,0.57,4.7,144.99,40.82,10.38,92935299000,0.55,3.56,150.1,39.98,42.32,96187619000,0.58,3.26,190.51,34.42,28.05,1.06E+11,0.53,2.62,156.47,38.99,14.24,97027159000,0.61,3.03
Y,54.58,64.69,450.68,6408219000,0.41,1.8,70.37,58.69,122.36,9322930000,0.29,0.95,19.85,83.44,393.16,8643121000,0.34,0.94,21.22,82.49,385.39,7784228000,0.98,2.54,507.66,16.46,30,4898301000,0.51,1.17
Y,50.37,66.5,154.1,2090778000,1.16,0,65.87,60.29,131.06,2364235000,1.17,0,71.57,58.29,207.82,2713807000,1.19,0,150.17,39.97,185.21,3746945000,1.19,192.07,135.81,42.41,159.6,3852837000,1.06,102.75
Y,4.64,95.57,11282.8,2.32E+11,0.06,0,3.9,96.25,10008.77,2.38E+11,0.06,0,3.01,97.08,4568.66,2.35E+11,0.04,0,2.44,97.62,1659.48,2.33E+11,0.02,0,1.39,98.63,10683.04,2.33E+11,0.03,0
Y,70.4,58.69,162.14,1.60E+11,2.18,26.33,72.1,58.11,164.75,1.64E+11,2.03,20.4,84.59,54.17,156.45,1.72E+11,1.99,18.57,73.33,57.69,161.02,1.57E+11,1.67,14.2,119.64,45.53,135.29,1.80E+11,1.68,15.73
Y,59.13,62.84,229.49,1.89E+11,2.71,14.6,48.15,67.5,161.11,1.95E+11,3.03,17.64,73.98,57.48,114.94,1.87E+11,2.75,17.23,19.06,83.99,433.81,1.24E+11,0.76,7.78,22.95,81.33,439.22,1.21E+11,0.02,62
Y,29.17,77.42,1.8,2.09E+11,0.09,0,23.55,80.94,14.37,2.15E+11,0.09,0,24.71,80.19,0.5,2.38E+11,0.09,0,20.55,82.95,16.18,2.52E+11,0.1,0,16.22,86.05,69.14,2.56E+11,0.06,0
Y,143.52,41.07,160.54,73477172000,1.8,23.36,75.7,56.91,208.88,66472768000,1.68,22.47,67.49,59.71,225.33,69518667000,1.55,19.88,85.58,53.89,168.11,80929687000,1.51,19.17,105.3,48.71,140.77,74695475000,1.4,19.22
Y,48.91,67.15,99.97,4688130000,1.27,14.29,43.23,69.82,112.75,4905764000,1.37,16.72,40.08,71.39,106.22,4863964000,0.93,13.66,40.86,70.99,111.36,4646916000,0.76,14.84,30.64,76.55,156.17,4431664000,0.56,13.6
Y,0,0,14.65,1.66E+11,0.47,6.55,329.8,23.27,64.27,1.37E+11,0.43,5.58,106.41,48.45,19.48,1.85E+11,0.3,4.57,46.52,68.25,74.22,1.07E+11,0.32,5.99,41.12,70.86,89.99,1.04E+11,0.36,7.09
Y,44.42,69.24,159.66,2.25E+11,1.38,8.55,37.15,72.91,169.38,2.39E+11,1.33,8.22,31.16,76.24,205.48,2.48E+11,1.3,8.71,27.39,78.5,263.37,2.67E+11,1.26,9.59,22.98,81.32,324.78,2.89E+11,1.09,9.18
Y,201.71,33.14,32.66,35370891000,0.92,102.55,497.54,16.74,10.02,22242878000,0.49,0,11.01,90.08,125.84,10491768000,0.04,0,19.56,83.64,69.73,9782250000,0,0,40.32,71.26,50.55,8713985000,0,0
Y,0.44,99.56,13890.09,3.00E+11,0.02,62.41,1.18,98.83,1536.92,3.00E+11,0.02,20.47,0.54,99.46,432.49,2.99E+11,0.02,38.82,1.12,98.89,469.73,3.41E+11,0,16.29,3.42,96.69,963.07,4.15E+11,0,40.76
Y,94.69,51.36,88.93,1.33E+11,1.83,6.25,81.2,55.19,109.92,1.49E+11,2.02,6.62,75.24,57.07,122.29,1.60E+11,1.84,6.42,76.27,56.73,126.64,1.63E+11,1.97,7.31,50.94,66.25,180.55,1.44E+11,1.8,7.95
Y,183.08,35.33,70.77,86224050000,1.18,14.66,178.51,35.9,72.14,87870713000,1.16,13.27,177.81,36,81.16,89171432000,1.17,12.08,159.74,38.5,81.51,83206411000,0,0,71.17,58.42,2.19,59291890000,0.01,0.11
Y,142.6,41.22,136.31,49444283000,2.92,143.01,135.16,42.52,129.24,44969738000,2.59,124.23,86.81,53.53,159.52,37071252000,2.89,113.45,55.01,64.51,233.87,33360905000,3.12,102.72,52.96,65.38,159.55,31921599000,2.43,65.21
Y,216.82,31.56,28.12,12327726000,0.57,2.37,212.58,31.99,32.93,12442275000,0.7,2.8,234.33,29.91,27.02,13373280000,0.79,2.88,319.67,23.83,26.05,13068274000,0.65,2.18,321.99,23.7,27.44,13379654000,0.83,2.68
Y,81.1,55.22,141.44,9.93E+11,1.55,1125.01,97.87,50.54,136.77,1.11E+12,1.48,1300.15,90.14,52.59,125.03,1.07E+12,1.45,1754.08,92.01,52.08,129.18,1.12E+12,1.39,1900.15,112.72,47.01,87.91,7.60E+11,1.33,1693.76
Y,137.79,42.05,49.06,63686450000,0.55,1.62,136.07,42.36,53.27,64022907000,0.7,1.91,167.32,37.41,60.73,52357128000,0.85,2.24,174.3,36.46,50.3,52303963000,0.78,2.32,181.29,35.55,28.74,38369792000,0.62,2.19
Y,1155.52,7.96,38.78,74698559000,1.51,9.62,765.08,11.56,53.98,81068857000,1.41,9.89,722.4,12.16,66.4,75050463000,1.43,11.52,1789.57,5.29,39.39,93869156000,1.45,9.81,928.08,9.73,37.41,88370526000,1.49,9.56
Y,11.56,89.64,2460.52,6186090000,0.26,3.91,12,89.28,3897.92,6223047000,0.25,6.1,13.16,88.37,2425.67,6239079000,0.2,105.39,15.28,86.74,2334.18,5777530000,0.25,262.59,18.65,84.28,2414.61,5061863000,0.26,212.68
Y,80,55.56,129.89,6727961000,1.3,7.27,39.73,71.57,183.64,6507749000,1.83,9.45,139.34,41.78,105.87,13443078000,1.25,6.96,153.71,39.42,116.43,13971867000,0.7,4.34,149.8,40.03,66.4,14892158000,0.79,4.47
Y,69.27,59.08,125.25,52767988000,0.7,0,356.79,21.89,46.61,37490030000,0.29,126.08,208.89,32.37,47,31982993000,0.32,14.28,1738.51,5.44,12.65,19547137000,0.24,5.78,70.04,58.81,308.59,31765916000,0.12,5.34
Y,304.24,24.74,97.65,1.14E+12,0.57,7.38,0,0,30.85,5.59E+11,0.53,4.5,581.8,14.67,117.05,4.24E+11,1.59,12.32,764.11,11.57,159.72,2.59E+11,1.28,24.67,4839.08,2.02,107.87,2.17E+11,1.15,131.71
Y,29.73,77.08,380.12,6.86E+11,0.43,34.34,35.81,73.63,341.07,7.23E+11,0.51,68.81,39.52,71.67,357.81,6.13E+11,0.6,96.2,80.45,55.42,257.23,4.62E+11,0.34,76.27,0,0,119.08,1.24E+11,0.62,157.55
Y,178.8,35.87,126.02,75664982000,0.76,6.69,125.37,44.37,99.06,66259346000,0.5,4.27,74.07,57.45,109.87,49253773000,0.32,2.51,116.96,46.09,83.78,36798030000,0.3,3.38,31.5,76.05,182.67,54690301000,0.31,13.12
Y,168.35,37.27,41.54,33313434000,1.98,31.12,7.41,93.1,578.92,14377187000,2.43,41.59,7.1,93.37,1546.27,14945258000,0.07,0,50.93,66.25,11.39,14026385000,0.08,0,49.96,66.68,9.96,14007841000,0.08,0
Y,85.26,53.98,62.09,33223780000,0.4,4.75,83.93,54.37,82.44,37521008000,0.75,10.36,66.89,59.92,94,30189531000,0.64,12.07,79.47,55.72,94.92,34424352000,0.65,15.64,234.82,29.87,49.01,25687462000,0.58,5.85
Y,141.73,41.37,66.38,3.32E+12,0.71,78.96,120.18,45.42,105.97,3.04E+12,0.78,73.02,169.98,37.04,54.81,3.04E+12,0.84,77.46,177.37,36.05,51.38,3.11E+12,0.86,147.65,193.58,34.06,79.81,3.29E+12,0.85,273.01
Y,67.85,59.58,32.6,1.58E+11,0.23,71.88,71.39,58.34,12.73,1.62E+11,0.26,84.1,67.84,59.58,22.06,1.62E+11,0.12,44.81,86.02,53.76,7.81,1.72E+11,0.18,82.21,102.81,49.31,12.84,1.78E+11,0.2,84.7
Y,639.01,13.53,50.62,33560217000,1.24,6.02,376.84,20.97,53.74,34324102000,1.2,4.98,325.87,23.48,58.89,32218185000,0.98,3.98,328.15,23.36,54.98,32635568000,1,4.11,336.07,22.93,67.41,31725613000,1.02,4.14
Y,4.83,95.4,1012.89,1.89E+11,0.04,0,23.85,80.75,11.29,2.26E+11,0.03,0,73.53,57.63,2.1,3.00E+11,0.03,0.87,71.85,58.19,9.04,3.03E+11,0.05,0.67,74.11,57.44,1.54,2.96E+11,0.06,0.68
Y,168.54,37.24,162.53,4648018000,2.24,16.39,178.89,35.86,55.06,4922307000,1.66,7.03,233.45,29.99,78.46,7132809000,1.29,4.37,97.85,50.54,116.23,9968073000,1.46,4.89,226.93,30.59,73.24,17343098000,0.96,3.25
Y,45.51,68.72,196.44,14605020000,1.62,7.05,69.34,59.05,150.6,20293605000,1.7,6.67,23.72,80.83,383.98,16529809000,1.39,6.21,37.63,72.66,225.78,20152150000,1.32,7.32,39.23,71.83,248.4,18975575000,1.28,7.05
Y,141.92,41.34,44.89,19368180000,1.2,32.91,141.72,41.37,53.75,20283045000,1.12,31.84,151.04,39.83,56.17,21904371000,1.37,40.1,85.07,54.03,63.65,22189722000,1.3,38.61,78.15,56.13,64.88,22033058000,1.42,47.96
Y,323.07,23.64,76.08,2.63E+11,1.39,10.59,409.5,19.63,68.36,2.82E+11,1.39,14.41,209.4,32.32,89.59,3.14E+11,0.88,10.53,396.8,20.13,73.19,2.60E+11,0.69,10.51,118.39,45.79,105.3,26542438000,0.02,0.36
Y,112.1,47.15,80.95,26167949000,1.36,13.89,82.84,54.69,110.42,27785635000,1.41,13.59,66.11,60.2,119.82,30270063000,1.39,14.77,51.02,66.22,173.03,28771363000,1.36,15.54,37.77,72.59,231.85,31116604000,1.42,17.12
Y,119.02,45.66,161.45,4.21E+11,0.81,456.42,111.88,47.2,172.97,2.43E+11,1.03,49.96,98.65,50.34,174.89,2.53E+11,1.75,64.95,130.83,43.32,120.44,3.25E+11,1.61,286.83,58.13,63.24,196.09,3.10E+11,1.36,190.1
Y,35.76,73.66,194.27,3.20E+11,0.83,22552.61,36.08,73.48,153.64,2.66E+11,0.67,13438.27,35.36,73.88,209.01,2.06E+11,0.54,5815.88,31.29,76.17,216.01,1.76E+11,0.49,3949.18,29.8,77.04,287.04,1.52E+11,0.49,1825.76
Y,66.51,60.06,155.39,29769258000,0.32,51.39,58.83,62.96,83.29,32095470000,0.41,127.56,73.55,57.62,298.85,34248902000,0.63,68.43,164.51,37.81,60.66,40936167000,0.25,33.9,79.23,55.79,109.54,43370573000,0.14,404.57
Y,90.46,52.5,185.63,4.87E+11,1.38,11.27,111.13,47.36,164.66,5.41E+11,1.12,11.11,115.09,46.49,132.92,5.39E+11,1.2,12.57,99.86,50.03,70.28,5.31E+11,1.33,15.87,57.18,63.62,99.62,7.15E+11,1.23,19.37
Y,474.74,17.4,81.21,4456752000,1.36,25.02,797.28,11.14,57.18,8632663000,1.95,8.55,963.68,9.4,72.8,16307564000,3.02,14.38,622.49,13.84,71.21,22359284000,2.1,13.77,851.26,10.51,54.04,18641137000,1.86,14.95
Y,33.27,75.04,267.48,1879503000,0.02,0,373.38,21.12,184.05,1819554000,0,0,389.6,20.42,50.15,7636178000,0.19,2.54,142.18,41.29,109.61,8197867000,0.79,7.57,168.77,37.21,70.25,8510787000,0.68,4.96
Y,590.17,14.49,45.58,5152238000,1.88,3.52,147.85,40.35,64.35,6999865000,1.51,3.04,187.89,34.74,56.99,10004268000,1.8,3.35,143.96,40.99,58.53,12440800000,1.83,3.3,148.81,40.19,53.92,19115770000,1.84,3.33
Y,98.68,50.33,446.19,1.23E+11,0.05,0,108.09,48.06,192.52,1.29E+11,0.05,0,112.44,47.07,188.94,1.19E+11,0,0,127.87,43.88,178.2,1.18E+11,0.01,0,219.33,31.32,1318.02,1.27E+11,0,0
Y,332.82,23.1,49.46,24606813000,3.77,22.01,619.01,13.91,50.9,23513831000,2.54,11.56,293.79,25.39,56.17,29326513000,2.36,13.64,316.29,24.02,47,33098765000,1.73,14.57,366.9,21.42,36.84,37552836000,1.51,14.33
Y,555.44,15.26,35.53,26977605000,0.26,1.34,1169.3,7.88,51.61,27279296000,2.29,14.36,538.05,15.67,66.75,28213662000,2.85,23.34,386.27,20.56,60.18,39242593000,2.72,14.83,364.05,21.55,47.59,45376203000,2.03,7.03
Y,364.67,21.52,84.97,7751611000,1.27,62.34,251.94,28.41,85.26,15948951000,1.68,47.17,253.86,28.26,67.45,18051604000,1.34,11.66,231.28,30.19,79.32,17262392000,1.52,11.31,200.85,33.24,58.54,15440702000,1.31,13.58
Y,1195.47,7.72,67.87,10408902000,4.72,48.09,411.05,19.57,79.49,9668639000,4.97,32.09,0,0,45.87,9548360000,5.09,28.71,1070.55,8.54,48.48,11699269000,3.69,14.16,926.91,9.74,46.53,15762145000,3.13,15.3
N,30.26,76.77,113.19,51986148000,0.5,5.81,68.17,59.46,60.69,70610811000,0.47,5.8,85.18,54,92.23,86017736000,0.43,6.57,81.63,55.06,58.65,78187346000,0.43,6.88,54.33,64.8,74.22,78506507000,0.52,5.45
N,170.35,36.99,113.19,2.59E+11,0.56,13.28,173.84,36.52,70.46,2.59E+11,0.58,13.12,172.13,36.75,66.37,2.51E+11,0.56,12.85,181.04,35.58,49.06,2.51E+11,0.63,15.4,135.89,42.39,43.81,2.14E+11,0.56,13.09
N,34.05,74.6,113.19,26582985000,0.67,3.7,29.19,77.4,209.21,25492399000,0.63,3.53,46.81,68.11,104.54,28944873000,0.79,3.98,31.48,76.06,139.72,27790966000,0.89,4.15,29.19,77.4,193.27,32418567000,1.03,5.45
N,118,45.87,113.19,1.12E+11,0.74,10.63,96.2,50.97,44.4,80523141000,0.45,16.31,106.94,48.32,48.67,84306935000,0.42,64.96,132.84,42.95,48.16,88596503000,0.63,23.96,157.56,38.83,48.6,95080415000,0.55,9.27
N,364.35,21.54,113.19,3.42E+13,0.96,10.22,394.05,20.24,93.04,3.94E+13,0.94,13.16,397.56,20.1,114.23,4.23E+13,0.92,17.15,403.18,19.87,100.41,4.51E+13,0.84,12.18,357.12,21.88,141.75,4.04E+13,0.6,9.62
N,19.24,83.87,113.19,5.42E+12,0.47,2.63,20.69,82.86,226.2,5.92E+12,0.47,2.97,20.86,82.74,211.37,6.08E+12,0.42,2.77,17.84,84.86,263.7,6.29E+12,0.44,2.96,26.33,79.16,216.2,7.45E+12,0.41,3.14
N,27.09,78.68,113.19,20236343000,0.81,4.41,32.13,75.68,160.61,21387510000,0.72,4.11,56.63,63.85,216.7,27285930000,0.68,3.98,43.11,69.88,271.53,41659791000,0.59,4.19,42.27,70.29,99.23,44001896000,0.59,4.01
N,96.37,50.92,113.19,1.14E+11,0.57,6.64,74.34,57.36,162.58,1.07E+11,0.54,6.35,63.18,61.28,108.74,1.01E+11,0.53,5.44,70.8,58.55,89.55,1.05E+11,0.66,5.87,64.24,60.89,81.39,1.04E+11,0.69,5.98
N,20.79,82.79,113.19,60816159000,0.68,10.35,31.08,76.29,1053.19,71635731000,0.58,8.75,48.69,67.25,704.38,79845962000,0.45,7.38,46.93,68.06,440.58,84571556000,0.5,5.89,40.75,71.05,396.19,90203152000,0.53,5.17
N,38.92,71.98,113.19,28335618000,0.56,4.75,12.57,88.84,875.54,27228954000,0.63,4.76,13.66,87.98,537.71,33665991000,0.66,4.64,12.36,89,364.57,44927929000,0.53,4.39,20.36,83.09,240.97,52584319000,0.47,4.52
N,172.04,36.76,113.19,1.87E+11,0.34,9.76,108.05,48.06,78.78,1.64E+11,0.44,8.93,78.19,56.12,106.11,1.63E+11,0.5,11,61.7,61.84,114.64,1.61E+11,0.52,12.15,45.8,68.59,111.74,1.57E+11,0.48,10.19
N,497.83,16.73,113.19,30999378000,0.99,5.8,339.14,22.77,85.91,26500555000,1.08,7.16,338.04,22.83,88.62,23405184000,1.01,6.07,242.69,29.18,93.84,19306435000,1.15,6.39,68.25,59.44,217.49,39126934000,0.83,7.6
N,67.79,59.6,113.19,1.41E+11,0.62,5.89,66.72,59.98,61.45,1.35E+11,0.5,6.03,71.4,58.34,88.48,1.39E+11,0.35,4.55,94.82,51.33,71.37,1.26E+11,0.47,5.75,102.43,49.4,37.95,1.24E+11,0.35,4.2
N,44.49,69.21,113.19,16176246000,0.43,12.43,40.71,71.07,119.6,16690582000,0.7,8.34,146.19,40.62,664.45,27951391000,0.4,5.78,44.43,69.24,296.64,31428037000,0.18,4.78,11.16,89.96,758.1,24258955000,0.17,8.99
N,56.27,63.99,113.19,1.47E+11,1.13,86.05,22.59,81.57,263.17,1.32E+11,0.68,98.31,33.53,74.89,120.75,1.45E+11,0.56,26.64,36.15,73.45,110.51,1.49E+11,0.95,21.45,40.85,71,193.04,1.46E+11,0.61,13.69
N,81.9,54.97,113.19,1.22E+11,0.55,2.49,38.68,72.11,180.41,1.03E+11,0.45,1.93,16.04,86.18,563.06,83024906000,0.53,2.05,17.61,85.02,382.64,87283599000,0.56,2.27,13.87,87.82,425.25,87781842000,0.6,2.66
N,84.2,54.29,113.19,19815772000,0.83,26.71,51.55,65.99,125.09,20012529000,0.61,15.79,27.3,78.55,158.69,11963885000,0.76,14.91,32.21,75.64,226.2,20138795000,0.3,3.06,28.82,77.63,335.68,25188505000,0.55,6.01
N,98.6,50.35,113.19,1.05E+11,0.57,4.12,95.75,51.09,34.85,1.04E+11,0.59,4.23,91.93,52.1,37.22,1.02E+11,0.67,5.25,79.7,55.65,48.41,1.01E+11,0.72,5.67,68.64,59.3,48.65,1.07E+11,0.74,5.55
N,27.9,78.18,113.19,40423770000,0.44,4.65,35.68,73.7,281.03,41301843000,0.54,4.06,33.53,74.89,178.24,42974736000,0.49,3.52,47.76,67.68,386.66,53849196000,0.55,4.8,54.92,64.55,195.74,65035613000,0.53,5.25
N,373.05,21.14,113.19,32798093000,0.86,10.63,251.14,28.48,68.5,34875092000,0.94,13.09,261.86,27.64,149.78,19949168000,4.25,77.41,39.65,71.61,203.77,18441576000,1.15,24.41,22.75,81.46,240.98,21972686000,0.25,4.4
N,56.1,64.06,113.19,1.13E+11,1.08,9.55,61.03,62.1,122.34,1.20E+11,0.81,7.7,73.23,57.73,110.71,1.42E+11,0.8,7.96,74,57.47,75.55,1.49E+11,0.78,7.34,74.59,57.28,86.92,1.69E+11,0.77,7.73
N,25.34,79.78,113.19,12139784000,1.51,25.68,57.57,63.46,174.51,18082537000,2.59,9.96,481.3,17.2,86.44,8642576000,2.68,8.02,18.18,84.62,676.5,20738834000,0.53,7.26,22.33,81.75,368.01,17403763000,0.04,1.86
N,80.93,55.27,113.19,30861323000,1.2,4.53,81.85,54.99,82.92,32490207000,1.25,4.14,97.09,50.74,113.15,36764162000,1.12,3.39,83.42,54.52,103.29,39652249000,0.96,3.18,74.63,57.26,77.24,38693683000,0.96,3.38
N,172.26,36.73,113.19,82421529000,1.07,7.18,116.33,46.22,70.35,78345348000,1.1,7.24,98.4,50.4,106.62,84340852000,1.24,7.76,96.35,50.93,85.38,87857145000,1.26,6.9,88.15,53.15,83.62,91621910000,1.28,6.12
N,57.4,63.53,113.19,1.46E+11,0.43,6.94,52.27,65.67,224.64,1.51E+11,0.41,6.82,83.26,54.57,229.68,1.96E+11,0.29,6.71,101.64,49.59,126.33,2.15E+11,0.3,5.71,71.23,58.4,148.6,1.97E+11,0.31,4.6
N,126.34,44.18,113.19,1.08E+11,1.35,33.75,119.36,45.59,83.03,1.11E+11,1.21,31.7,81.03,55.24,93.57,1.19E+11,1.25,30.4,53.72,65.05,125.7,1.17E+11,1.23,29.11,61.39,61.96,112.33,1.27E+11,1.16,25.57
N,75.84,56.87,113.19,1.05E+11,1.25,13.27,60.3,62.38,76.25,96374633000,0.86,11.29,60.6,62.27,61.08,94542553000,0.73,9.56,79.02,55.86,78.69,1.07E+11,0.98,12.95,57.89,63.34,75.29,98852317000,0.81,10.01
N,63.23,61.26,113.19,53275662000,1.41,22.09,61.75,61.83,104.87,60004853000,0.91,15.74,59.99,62.5,107.46,60189456000,0.87,15.06,58.3,63.17,96.74,59688987000,0.86,14.02,43.17,69.85,99.59,55129986000,0.78,11.32
N,62.1,61.69,113.19,1.02E+11,1.08,25.01,54.1,64.89,158.05,1.09E+11,0.85,9.88,25.39,79.75,242.02,85430379000,0.6,5.88,31.59,75.99,232.08,80877083000,0.45,7.79,35.72,73.68,184.31,87501848000,0.66,12.59
N,42.06,70.39,113.19,90204553000,0.68,8.11,33.46,74.93,373.46,87866650000,0.8,6.82,27.29,78.56,272.23,83598050000,0.69,7.45,34.74,74.22,172.6,94419848000,0.39,5.09,50.15,66.6,113.58,1.34E+11,0.24,5.66
N,325.49,23.5,113.19,3.03E+11,0.92,4.85,240.46,29.37,61.49,2.47E+11,0.91,6.98,176.46,36.17,48.9,2.13E+11,0.93,9.42,151.81,39.71,45.39,2.20E+11,0.86,11.23,97.75,50.57,53.58,1.94E+11,0.8,11.94
N,21.71,82.16,113.19,1.22E+11,0.27,23.25,37.56,72.69,183.25,1.04E+11,0.25,23.73,16.41,85.9,203.46,60168856000,0.22,26.8,13.18,88.36,284.78,60078698000,0.35,40.63,13.67,87.98,265.01,59303973000,0.23,15.91
N,124.68,44.51,113.19,94335759000,1.28,24.37,103.81,49.06,109.59,91688406000,1.33,32.37,51.41,66.04,161.17,84571642000,1.41,34.21,60.28,62.39,145.35,1.07E+11,1.35,29.17,72.69,57.91,122.17,1.27E+11,1.14,25.73
N,1401.47,6.66,113.19,73724897000,1.05,3.28,232.76,30.05,50.99,64694064000,1.11,4.21,214.35,31.81,53.85,64976922000,1.32,4.84,182.97,35.34,55.1,62481501000,1.31,5.01,155.56,39.13,54.1,66959626000,1.11,4.48
N,14.71,87.17,113.19,68789564000,0.4,696.45,15.01,86.95,302.18,78052674000,0.43,895.52,13.65,87.99,306.69,85854792000,0.39,864.43,16.62,85.75,179.35,96224387000,0.38,747.51,36.92,73.04,113.59,1.20E+11,0.31,578.56
N,40.8,71.02,113.19,56222086000,1.09,7.98,25.49,79.69,290.89,49578775000,0.97,6.58,34.06,74.6,235.08,50149163000,0.99,6.73,28.49,77.83,268.22,47414559000,1,7.66,33.68,74.8,214.44,49821858000,1.15,8.73
N,7.45,93.06,113.19,45101040000,0.06,6.58,2.25,97.8,4002.78,48835830000,0.19,36.53,2.29,97.76,5084.36,43265079000,0.04,13.68,3.49,96.63,2720.2,39660461000,0.1,10.83,4.66,95.54,2302.16,42274782000,0.25,18.34
N,14.5,87.33,113.19,91399445000,0.56,7.92,17.73,84.94,384.64,92123395000,0.76,7.67,13.43,88.16,470.32,92050827000,0.73,5.6,11.55,89.65,629.24,89411800000,0.58,4.03,13.73,87.93,456.64,93208811000,0.73,5
N,95.66,51.11,113.19,3.40E+11,0.38,2059.88,96.25,50.96,51.28,3.46E+11,0.36,2330.37,127.94,43.87,24.22,4.09E+11,0.29,345.36,82.21,54.88,170.3,3.40E+11,0.28,257.6,71.15,58.43,169.17,3.04E+11,0.36,333.41
N,42.91,69.98,113.19,38391512000,0.72,3.68,41.32,70.76,131.18,40324407000,0.81,4.22,49.9,66.71,110.8,47285508000,0.81,4.95,40.61,71.12,143.6,53599347000,0.67,3.67,24.15,80.55,200.01,47883444000,0.59,2.85
N,106.71,48.38,113.19,79119735000,0.87,3.97,139.5,41.75,62.48,94160850000,1.31,5.34,183.19,35.31,54.05,1.02E+11,1.39,5.43,166.63,37.51,63.08,1.01E+11,1.36,5.67,188.73,34.63,57.19,1.20E+11,1.08,4.55
N,24.1,80.58,113.19,1.35E+11,1.71,22.35,36.32,73.36,250.6,1.50E+11,1.51,39.03,25.38,79.76,389.83,1.52E+11,1.67,59.81,28.43,77.86,285.94,1.58E+11,1.42,39.68,23.84,80.75,315.5,1.63E+11,1.49,21.88
N,75.14,57.1,113.19,36613936000,0.41,3.14,49.49,66.9,209.83,36696313000,0.38,2.8,36.04,73.51,184.39,43048678000,0.48,4.32,50.62,66.39,292.93,38696733000,0.23,2.32,109.2,47.8,130.52,32120645000,0.25,2.32
N,94.41,51.44,113.19,47018513000,1.28,2.1,159.82,38.49,41.51,38200111000,1.44,2.47,89.75,52.7,57.09,52622261000,1.42,2.84,124.98,44.45,43.16,96870939000,1.24,2.78,121.44,45.16,44.67,1.12E+11,1.13,2.54
N,57.63,63.44,113.19,2.00E+11,1.33,143.35,67.34,59.76,200.58,2.25E+11,1.3,190.27,65.07,60.58,210.83,2.23E+11,1.44,143.07,65.48,60.43,183.36,2.27E+11,1.28,93.83,85.07,54.03,152.45,2.60E+11,1.2,90.78
N,71.44,58.33,113.19,50081334000,0.31,3.34,93.37,51.71,351.05,44443980000,0.29,3.25,84.56,54.18,406.85,46319139000,0.42,4.2,20.18,83.21,394.23,46185844000,0.44,4.57,19.41,83.74,635.63,58551326000,0.36,4.82
N,52.34,65.64,113.19,31513905000,0.89,4.72,38.41,72.25,363.82,31322965000,0.81,3.78,63.65,61.11,129.98,42419404000,0.82,4.1,21.27,82.46,394.84,74835090000,0.61,4.43,17.74,84.93,198.96,79356291000,0.54,4.84
N,123.54,44.73,113.19,1.93E+11,1.07,3.27,83.9,54.38,103.13,2.18E+11,1.16,3.96,87.56,53.32,91.97,2.55E+11,1.15,4.44,100.08,49.98,93.43,2.89E+11,1.07,4.05,67.63,59.66,104.67,2.64E+11,1.08,3.76
N,43.13,69.87,113.19,33806073000,1.36,11.92,63.16,61.29,76.9,40783541000,1.12,9.96,57.69,63.42,104.76,48615278000,1.48,13.53,62.55,61.52,101.67,60453988000,1.43,15.89,60.87,62.16,94.03,72608747000,1,15.17
N,12.47,88.91,113.19,20527638000,0.43,126.07,13.28,88.27,839.72,19273467000,0.41,92.95,16.75,85.65,700.33,16164938000,0.44,102.63,22.53,81.61,155.54,35771444000,0.35,167.76,23.4,81.04,198.42,39422548000,0.54,402.77
N,11.38,89.78,113.19,1.94E+11,0.67,8.27,9.8,91.07,516.35,2.03E+11,0.58,7.68,9.26,91.53,590.3,2.03E+11,0.47,6.75,10.14,90.79,547.06,2.06E+11,0.44,7,9.35,91.45,622.16,2.04E+11,0.37,6.33
N,35.2,73.96,113.19,68189496000,1.19,71.75,34.97,74.09,284.26,76562098000,1.1,73.76,35.08,74.03,250.29,79390988000,1.31,71.99,25.65,79.59,334.81,82233016000,1.27,53.54,14.05,87.68,564.47,85119150000,1.26,43.71
N,15.56,86.54,113.19,45233434000,0.9,73.04,12.02,89.27,471.49,44676182000,0.98,111.17,8.69,92.01,1192.79,47509654000,0.99,109.46,8.95,91.79,694.35,44914173000,0.8,107.59,5.02,95.22,1238.36,47123684000,0.8,111.32
N,9.59,91.25,113.19,53151312000,0.78,15.63,6.73,93.69,788.96,50648025000,0.69,14.55,10.11,90.82,455.9,51781107000,0.73,10.76,9.73,91.13,494.94,46066355000,0.8,9.3,14.82,87.1,325.22,43749537000,0.76,10
N,140.78,41.53,113.19,1.13E+11,1.65,13.27,133.59,42.81,129.19,1.12E+11,1.41,11.6,128.12,43.84,139.95,1.14E+11,1.59,12.67,150.78,39.88,134.69,1.09E+11,1.66,16.4,113.08,46.93,124.89,1.01E+11,1.39,12.89
N,115.16,46.48,113.19,19339665000,1.4,40.55,149.3,40.11,91.94,14679657000,1.08,51.31,140.56,41.57,129.86,11575507000,0.99,64.31,29.73,77.08,661.39,15797399000,0.24,11.44,46.11,68.44,378.8,18468597000,0.44,18.08
N,269.89,27.03,113.19,80318228000,1.1,3.93,2212.08,4.33,36.23,64800425000,0.68,3.03,1362.71,6.84,63.93,36571570000,0.41,2.54,614.44,14,56.43,50245956000,0.92,5.94,296.05,25.25,61,36117303000,1.14,9.1
N,71.58,58.28,113.19,1.27E+11,0.36,7.43,86.09,53.74,106.04,1.27E+11,0.38,7.99,82.8,54.7,93.44,1.31E+11,0.44,8.24,76.58,56.63,85.62,1.30E+11,0.55,8.63,71.8,58.21,104.36,1.33E+11,0.69,8.79
N,16.95,85.51,113.19,72643837000,0.86,4.1,16.01,86.2,285.28,73719705000,0.81,3.99,25.32,79.8,279.97,82814407000,0.71,3.57,24.08,80.59,295.36,85972921000,0.67,4.08,21.91,82.02,162.98,89088705000,0.65,4.41
N,18.25,84.57,113.19,1.18E+11,0.61,38.36,16.54,85.81,327.36,1.24E+11,0.73,35.37,33.05,75.16,281.71,1.56E+11,1.3,37.69,48.63,67.28,145.21,1.84E+11,1.58,48.48,54.83,64.59,131.66,1.78E+11,1.6,35.1
N,312.67,24.23,113.19,1.17E+11,1.42,36.06,261.24,27.68,59.65,1.05E+11,1.33,33.83,286.53,25.87,75.24,1.26E+11,1.52,38.65,251.01,28.49,64.89,1.22E+11,1.48,38.13,260.73,27.72,52.52,1.27E+11,1.52,36.87
N,43.35,69.76,113.19,98339090000,0.57,8.62,52.91,65.4,120.33,1.37E+11,0.45,6.55,23.94,80.68,178.76,1.23E+11,0.4,5.84,15.83,86.34,344.62,1.29E+11,0.46,7.38,22.18,81.85,479.84,1.76E+11,0.44,7.98
N,177.08,36.09,113.19,66911221000,0.33,8.04,621.91,13.85,16.27,59464743000,0.46,15.5,423.57,19.1,98.23,66648509000,0.69,27.34,390.23,20.4,89.87,49988015000,0.96,24.94,93.32,51.73,82.93,50431960000,1.25,25.35
N,138.27,41.97,113.19,2.03E+11,1.76,16.24,125.46,44.35,104.67,2.04E+11,1.88,21.42,127.67,43.92,112.53,2.43E+11,1.83,31.7,97.17,50.72,121.46,2.23E+11,1.12,33.03,91.39,52.25,129.65,2.37E+11,1.16,50.14
N,63.62,61.12,113.19,63862358000,0.36,3.49,90.82,52.41,239.52,75454549000,0.3,3.48,144.11,40.97,59.4,1.09E+11,0.28,3.02,134.67,42.61,85.11,1.24E+11,0.3,3.34,75.51,56.98,111.88,1.33E+11,0.28,3.45
N,58.19,63.21,113.19,77639190000,1.58,17.59,39.4,71.73,134.87,76443164000,1.53,18.63,45.68,68.64,146.25,87752617000,1.75,22.7,52.22,65.69,140.73,99624280000,1.6,20.14,34.41,74.4,169.56,62529104000,1.22,15.15
N,36.76,73.12,113.19,2.46E+11,0.63,4.99,46.77,68.13,150.78,3.02E+11,0.75,5.41,44.52,69.19,156.02,3.35E+11,0.68,4.14,29.99,76.93,213.41,3.58E+11,0.79,4.18,19.72,83.53,274.04,3.56E+11,0.65,3.28
N,63.54,61.15,113.19,9026827000,1.23,5.76,43.7,69.59,270.81,17447700000,0.9,6.25,29.31,77.33,473.13,24286457000,0.86,7.99,79.2,55.8,158.35,44385117000,0.72,11.39,8.01,92.58,1808.15,1.69E+11,0.35,10.73
N,67.54,59.69,113.19,35730049000,0.74,6.43,95.19,51.23,69.91,36511904000,0.66,5.31,144.56,40.89,49.34,35232093000,0.72,5.46,60.96,62.13,111.62,38804786000,1.01,7.51,93.06,51.8,70.36,45209525000,0.92,6.96
N,14.44,87.38,113.19,93167304000,0.41,230.38,9.77,91.1,134.19,93642626000,0.48,86.57,14.51,87.33,104.77,1.01E+11,0.57,43.73,26.76,78.89,98.45,1.16E+11,0.5,21.07,25.73,79.54,55.24,1.20E+11,0.41,15.77
N,7.96,92.63,113.19,71209202000,0.59,15.09,23.4,81.04,633.54,86073244000,0.78,19.32,21.97,81.99,332.17,89799113000,0.33,10.87,21.23,82.49,325.6,89262324000,0.1,5.77,31.26,76.18,282.76,91531223000,0.12,15.82
N,73.65,57.59,113.19,1.45E+11,0.7,10.98,77.96,56.19,114.82,1.52E+11,0.51,10.84,66.13,60.19,105.35,1.65E+11,0.65,10.62,88.72,52.99,114.2,2.38E+11,0.65,9.55,68.79,59.25,171.63,2.32E+11,0.42,7.34
N,13.96,87.75,113.19,74336180000,0.69,6.05,14.91,87.03,451.85,77728948000,0.7,5.81,18.67,84.27,458.34,57558696000,0.54,4.58,19.78,83.49,414.74,56145766000,0.63,7.42,18.17,84.62,406.27,65823023000,1.04,8.62
N,59.3,62.77,113.19,9.67E+11,1.06,27.4,53.8,65.02,199.67,1.06E+12,1.01,33.57,47.88,67.62,218.23,1.18E+12,0.93,50.84,44.93,69,221.15,1.30E+12,0.85,48.7,32.85,75.27,229.74,1.24E+12,0.86,49.99
N,164.71,37.78,113.19,18700042000,0.82,10.66,142.84,41.18,65.68,19977771000,0.79,8.71,178.36,35.92,51.38,25610652000,0.68,8.11,124.46,44.55,92.41,22380167000,0.82,7.93,38.15,72.38,283.49,35219911000,0.94,9.74
N,162.99,38.02,113.19,1.68E+11,0.54,9.28,124.95,44.45,20.77,1.54E+11,0.55,10.95,119.32,45.6,23.55,1.52E+11,0.58,10.53,114.04,46.72,31.54,1.61E+11,0.7,11.17,121.51,45.14,27.84,1.76E+11,0.73,10.32
N,12.64,88.78,113.19,1.55E+11,0.38,2155.73,16.94,85.51,164.09,1.88E+11,0.33,4799.77,7.35,93.15,525.17,1.81E+11,0.31,187519.97,7.01,93.45,496,1.83E+11,0.32,358712.85,8.23,92.4,376.51,1.89E+11,0.33,3621.31
N,125.09,44.43,113.19,65157256000,1.17,26.25,128.57,43.75,127.24,61308271000,1.19,34.32,154.67,39.27,107.61,60079196000,0.97,43.78,122.96,44.85,107.08,61801695000,0.95,49.24,73.25,57.72,147.09,57637697000,0.94,66.37
N,14.57,87.29,113.19,1.33E+11,0.81,9.55,6.75,93.68,509.89,1.27E+11,0.48,5.85,9.5,91.32,438.56,1.24E+11,0.6,6.95,12.32,89.03,416.87,1.34E+11,0.82,10.27,8.07,92.54,513.61,1.36E+11,0.6,7.99
N,75.63,56.94,113.19,1.17E+11,0.88,12.25,28.71,77.69,197.87,94488684000,0.87,11.59,50.02,66.66,105.34,1.10E+11,0.89,9.62,68.16,59.47,87.77,1.11E+11,0.87,10.5,51.3,66.09,113.07,1.20E+11,1.14,12.99
N,156.55,38.98,113.19,1.04E+11,1.05,14.51,115.09,46.49,106.42,96468758000,0.94,13.95,111.33,47.32,76.65,97971145000,0.86,12.35,105.33,48.7,67.56,95770019000,0.9,12.79,117.84,45.91,58.55,99346706000,1,11.59
N,22.14,81.87,113.19,55350769000,0.89,9.57,33.25,75.05,185.8,50170479000,0.98,8.37,39.18,71.85,193.86,58259692000,1.03,8.58,39.83,71.52,212.5,60659355000,0.89,8.44,37.88,72.52,239.93,65683176000,0.84,6.67
N,95.49,51.15,113.19,56159329000,1.13,11.73,99.59,50.1,180.11,55754653000,0.8,14.22,98.99,50.26,122.54,52322091000,0.73,15.69,101.39,49.65,87.58,33575978000,0.71,20.06,88.6,53.02,149.48,32560437000,0.97,23.21
N,54.91,64.56,113.19,1.15E+11,1.38,15.64,53.23,65.26,145.8,1.40E+11,2.16,20.94,47.39,67.85,170.36,1.46E+11,1.68,17.54,58.65,63.03,163.2,1.64E+11,1.37,22.61,24.43,80.36,323.24,1.54E+11,1.3,31.16
N,35.56,73.77,113.19,47818535000,0.34,17.6,33.27,75.03,57.23,46143043000,0.18,7.59,44.83,69.05,55.4,39759911000,0.19,11.41,68.43,59.37,43.81,55808633000,0.24,11.71,119.17,45.63,38.89,40636905000,0.35,15.49
N,58.29,63.18,113.19,68706416000,0.52,8.71,87.25,53.4,145.3,57297073000,0.42,6.03,55.9,64.14,126.98,62247363000,0.54,9.89,49.94,66.7,131.86,62994822000,0.55,25.82,35.76,73.66,169.68,65554569000,0.83,18.88
N,22.07,81.92,113.19,1.69E+11,1.03,6.42,14.3,87.49,368.29,1.71E+11,0.94,4.55,11.83,89.42,488.44,1.84E+11,0.96,3.54,10.44,90.54,522.19,1.82E+11,0.81,3,10.63,90.39,628.35,2.35E+11,1.16,4.69
N,97.05,50.75,113.19,92623943000,0.84,2.87,66.76,59.97,83.21,80666320000,0.83,2.59,87.27,53.4,87.98,95266142000,0.83,2.56,72.33,58.03,114.38,99976690000,0.87,2.86,45.8,68.59,162.07,95220516000,1.09,4.32
N,52.4,65.62,113.19,2.06E+11,0.72,61.45,45.96,68.51,124.43,1.89E+11,0.32,51.67,39.24,71.82,141.93,1.77E+11,0.39,65.69,36.66,73.17,137.09,1.79E+11,0.54,30.76,49.05,67.09,122.25,2.16E+11,0.65,29
N,190.15,34.47,113.19,1.83E+11,0.84,15.28,202.54,33.05,61.82,1.16E+11,0.2,2.71,125.31,44.38,67.3,1.01E+11,0.36,4.15,127.85,43.89,55.3,94282631000,0.43,4.93,102.07,49.49,27.54,92588514000,0.5,5.37
N,25.79,79.5,113.19,71813709000,0.9,33.75,22.5,81.64,507.46,84457487000,0.81,37.16,23.37,81.06,465.07,93595681000,0.8,38.29,26.95,78.77,420.79,1.07E+11,0.84,44.58,25.02,79.99,421.51,1.14E+11,0.84,30.71
N,35.96,73.55,113.19,75413670000,0.58,11.48,36.69,73.16,92.77,75394157000,0.45,8.13,57.16,63.63,162.3,67011369000,0.33,7.33,50.05,66.65,330.36,63364419000,0.34,11.92,36.42,73.3,322.56,55041321000,0.5,14.77
N,53.36,65.21,113.19,73149729000,0.18,3.21,1.85,98.19,1168.1,60337202000,0.37,4.6,5.97,94.36,496.19,62140339000,0.52,5.35,3.39,96.72,596.83,60534701000,0.44,4.34,7.18,93.3,326.41,62968883000,0.45,4.34
N,134.24,42.69,113.19,36407270000,0.28,21.88,158.67,38.66,99.93,32731630000,0.24,21.09,149.34,40.11,72.64,43446391000,0.18,111.01,134.41,42.66,131.75,1.03E+11,0.09,7.49,85.03,54.04,81.48,59726794000,0.15,12.37
N,147.65,40.38,113.19,80869457000,0.95,5.49,178.11,35.96,119.54,1.02E+11,0.87,5.83,171.57,36.82,112.98,1.02E+11,0.77,5.61,165.36,37.68,109.02,97934655000,0.82,6.35,159.32,38.56,144.22,95603248000,0.83,6.87
N,50.4,66.49,113.19,58372087000,0.96,16.07,41.07,70.89,136.94,63898235000,1.07,18.19,34.09,74.57,198.63,76620926000,1.05,21.35,43.15,69.85,180.79,91483242000,0.91,23.5,41.97,70.44,256.3,97435386000,0.83,23.86
N,279.91,26.32,113.19,84542136000,2.02,28.73,206.83,32.59,30.96,74478389000,2.22,28.13,168.25,37.28,34.6,69498156000,2.37,48.85,83.12,54.61,67.68,83074097000,1.87,66.55,141.39,41.43,25.57,1.00E+11,1.2,51.93
N,16.19,86.06,113.19,28586781000,1,6.46,13.43,88.16,497.51,31616562000,1.06,7.4,13.22,88.32,582.14,33420446000,0.85,5.62,16.73,85.67,350.79,36813000000,0.91,5.37,13.43,88.16,407.16,37716319000,0.77,4.85
N,23.61,80.9,113.19,65138044000,0.75,406.48,41.97,70.44,374.29,81167812000,0.55,143.37,43.79,69.55,188.38,86955232000,0.55,147.42,28.46,77.84,221.73,83773016000,0.76,180.56,29.18,77.41,223.38,88603761000,0.66,107.85
N,73.84,57.53,113.19,1.06E+11,0.88,12.13,81.69,55.04,100.5,1.55E+11,1.13,12.34,83.19,54.59,80.07,1.94E+11,1.22,9.73,72.74,57.89,84.33,2.04E+11,1.09,7.05,81.65,55.05,86.57,2.30E+11,1.13,7
N,58.4,63.13,113.19,1.05E+11,3.21,17.34,53.05,65.34,164.72,1.07E+11,3.98,29.88,32.49,75.48,239.02,1.06E+11,3.84,36.84,28.32,77.93,275.64,1.09E+11,3.37,34.04,15.62,86.49,462.94,1.07E+11,2.74,35.68
N,183.37,35.29,113.19,8630711000,3.12,48.24,142.84,41.18,102.95,17661771000,3.52,58.65,75.26,57.06,148.63,19921435000,2.43,38.78,93.23,51.75,112.24,34756338000,2.64,54.63,45.91,68.54,131.57,42179730000,2.31,56.07
N,60.72,62.22,113.19,1.27E+11,0.99,99.5,29.54,77.2,176.49,1.10E+11,0.58,99,31.07,76.29,215.76,1.16E+11,0.73,212.99,17.24,85.29,390.15,1.12E+11,0.67,122.71,65.62,60.38,70.27,1.60E+11,0.49,83.25
N,45.74,68.62,113.19,14387170000,0.28,160.29,67.81,59.59,158.1,15351975000,0.43,12.67,172.04,36.76,100.49,41141486000,0.91,6.75,113.27,46.89,148.6,68415289000,1.51,14.01,45.3,68.82,215.51,44436608000,1.28,15.96
N,152.42,39.62,113.19,1.39E+11,0.39,3.95,139.58,41.74,38.77,1.38E+11,0.33,2.33,158.53,38.68,30.95,1.38E+11,0.24,1.69,193.56,34.07,23.75,1.37E+11,0.25,1.8,286.96,25.84,29.04,55850622000,0.29,2.3
N,136.55,42.27,113.19,49557482000,0.64,5.81,101.83,49.55,39.25,45763186000,0.57,4.86,92.39,51.98,66.62,46756794000,0.74,6.16,82.89,54.68,67.3,46613734000,0.7,5.54,58.81,62.97,73.47,41946481000,0.77,5.73
N,50.04,66.65,113.19,1.44E+11,1.65,5.77,57.75,63.39,73.19,1.58E+11,1.32,3.88,48.04,67.55,92.78,1.70E+11,1.29,3.62,38.47,72.22,147.17,1.96E+11,1.54,5.39,37.47,72.74,165.13,2.02E+11,1.49,7.33
N,44.66,69.13,113.19,9463054000,2.41,7.05,75.67,56.92,134.33,13902012000,2.41,6.78,129.93,43.49,74.63,20241753000,1.97,6.57,196.04,33.78,77.13,27624355000,1.81,7.27,131.91,43.12,75.1,61386858000,2.4,15.09
N,160.45,38.4,113.19,9.06E+11,0.99,31.3,115.04,46.5,40.87,1.01E+12,1.13,21.61,100.45,49.89,59.43,1.14E+12,1.18,20.99,84.37,54.24,82.81,1.18E+12,1.1,22.54,72.61,57.93,73.9,1.18E+12,0.95,27.32
N,168.52,37.24,113.19,1.05E+11,0.81,6.13,144.54,40.89,91.68,1.03E+11,0.74,4.13,157.75,38.8,77.83,97482840000,0.86,4.1,146.63,40.55,78.1,1.00E+11,0.98,4.18,187.64,34.77,66.37,88639409000,1.01,4.49
N,49.33,66.97,113.19,1.29E+11,1.51,42.72,87.13,53.44,157.98,1.60E+11,1.54,37.42,123.98,44.65,158.11,2.21E+11,1.74,54.01,126.07,44.23,104.19,2.17E+11,1.35,40.89,112.7,47.01,134.33,2.33E+11,1.54,62
N,182.36,35.42,113.19,91371886000,0.63,4.58,164.86,37.76,68.6,1.05E+11,0.81,5.69,185.05,35.08,49.19,1.42E+11,0.7,4.97,228.85,30.41,58.9,1.39E+11,0.59,4.69,470.07,17.54,40.73,1.26E+11,0.55,4.72
N,72.03,58.13,113.19,42772451000,0.13,6.36,28.94,77.55,105.88,42827886000,0.09,5.55,34.1,74.57,105.8,50033436000,0.14,8.53,31.88,75.83,227.5,62071478000,0.29,16.16,21.42,82.36,155.32,63217469000,0.33,25.71
N,41.12,70.86,113.19,2.49E+11,2.96,17.05,30.12,76.85,133.2,2.64E+11,2.81,13.25,30.88,76.4,160.82,2.87E+11,2.62,14.88,33.98,74.64,107.36,3.82E+11,1.95,16.84,69.33,59.06,105.76,4.88E+11,2.07,21.85
N,48.18,67.49,113.19,5.32E+11,1.76,6.02,52.54,65.56,44.58,6.13E+11,1.38,5.01,73.59,57.61,33.28,7.42E+11,1.17,4.55,90.34,52.54,29.5,8.15E+11,1.09,4.47,91.24,52.29,38.5,8.33E+11,1.07,4.71
N,119.36,45.59,113.19,2.38E+11,0.43,4.38,149.76,40.04,44.88,2.99E+11,0.67,6.12,118.17,45.84,56.87,3.10E+11,0.78,8.08,131.74,43.15,53.79,3.26E+11,0.51,5.55,124.11,44.62,80.38,3.61E+11,0.81,8.54
N,16.19,86.07,113.19,54874862000,0.98,42.54,23.85,80.74,363.65,59696287000,1.1,198.47,18.2,84.6,405.19,55762748000,1.14,322.2,33.04,75.17,318.2,53487428000,1.02,51.05,41.82,70.51,293.61,64241672000,1.01,24.18
N,76.44,56.68,113.19,38592810000,2.32,15.74,50.79,66.32,144.41,54760870000,2,16.21,12,89.29,586.08,83621048000,1.49,17.29,11.02,90.07,511.6,87924948000,1.33,16.28,19.56,83.64,297.35,1.11E+11,1.15,13.99
N,35.75,73.66,113.19,48145944000,1.29,39.41,15.95,86.25,375.46,49676188000,0.89,27.17,27.21,78.61,168.06,47817734000,0.6,17.8,23.53,80.95,218.47,51031240000,1.03,40.57,65.45,60.44,129.07,74826157000,1.11,127.49
N,55.48,64.32,113.19,47456982000,0.59,2.96,44.49,69.21,113.27,41638189000,0.62,2.8,49.14,67.05,129.83,46190328000,0.74,4.01,58.73,63,116.11,50729063000,0.71,4.92,78.9,55.9,104.74,58845864000,0.74,5.73
N,32.14,75.68,113.19,42289346000,2.14,39.6,26.04,79.34,188.87,42785338000,2.36,77.15,17.67,84.98,332.87,50554043000,2.21,211.69,79.88,55.59,158.34,1.10E+11,1.35,12.17,41.24,70.8,224.47,1.47E+11,1.79,13.24
N,81.4,55.13,113.19,1.52E+11,0.67,7.04,89.83,52.68,69.91,1.42E+11,0.71,7.03,105.89,48.57,64.48,1.61E+11,0.6,5.48,93.45,51.69,64.93,1.54E+11,0.56,5.31,90.38,52.53,62.18,1.43E+11,0.53,5
N,220.4,31.21,113.19,2.09E+11,0.81,6.27,300.21,24.99,33.35,2.97E+11,0.95,4.17,253.33,28.3,42.7,2.98E+11,1.38,5.03,172.55,36.69,48.62,2.81E+11,1.45,5.95,148.86,40.18,66.95,2.82E+11,1.23,4.98
N,141.93,41.33,113.19,42611173000,1.11,83.11,46.18,68.41,193.11,29298389000,1.96,86.7,86.2,53.71,298.45,34842207000,0.67,13.39,61.53,61.91,304.24,45035128000,1.08,23.91,124.35,44.57,72.88,50777388000,0.73,21.19
N,30,76.92,113.19,31083818000,0.88,83.54,31.39,76.11,352.45,36974500000,1.04,79.02,29.53,77.2,368.06,46845597000,1.01,102.24,34.82,74.18,383.33,51485260000,0.82,99.55,43.64,69.62,298.38,61895924000,0.93,64.58
N,38.2,72.36,113.19,27823676000,1.04,838.08,82.79,54.71,311.98,73049967000,0.62,5225.59,139.13,41.82,196.97,82996647000,0.65,19567.86,48.07,67.54,245.59,83386241000,1.04,45585.87,51.49,66.01,241.15,90517674000,1.03,2620.45
N,63.41,61.2,113.19,13041217000,1.71,9.96,183.67,35.25,45.04,8181455000,0.33,1.26,273.4,26.78,370.97,19162533000,1.12,7.57,101.87,49.54,141.81,26133587000,0.78,31.68,108.39,47.99,80.35,26436416000,0.55,53.95
N,245.88,28.91,113.19,59250446000,1.36,5.98,125.95,44.26,103.8,53135314000,1.7,9.26,98.52,50.37,111.4,75437010000,1.62,10.66,16.87,85.57,325.14,81220227000,1.16,8.64,43.59,69.64,163.87,99674151000,1.19,9.96
N,38.43,72.24,113.19,90313541000,0.89,7.11,49.38,66.94,123.83,1.02E+11,0.87,7.33,57.84,63.35,89,1.11E+11,0.89,7.88,40.13,71.36,191.88,1.06E+11,0.95,8.21,23.83,80.75,188.08,1.10E+11,1.03,7.81
N,44.73,69.09,113.19,58113620000,1.52,5.85,30.88,76.41,161.18,53300335000,1.19,5.38,30.72,76.5,153.16,53792156000,1.11,6.09,43.74,69.57,131.38,61100035000,1.26,5.33,38.23,72.34,172.8,60073445000,1.55,6.33
N,38.86,72.01,113.19,16149479000,1.47,11.79,59.86,62.55,214.47,14840158000,1.35,8,102.04,49.5,138.38,14059953000,1.52,6.26,197.27,33.64,82.69,11194503000,1.22,5.06,58.87,62.94,100.56,9435474000,1.26,5.41
N,1.39,98.63,113.19,33501348000,0.3,71.7,1.45,98.57,1494.35,34099130000,0.31,53.26,16.33,85.96,2099.66,40928291000,0.28,41.61,16.4,85.91,246.34,41792508000,0.27,53.82,3.81,96.33,1052.38,40122367000,0.34,45.34
N,106.63,48.4,113.19,56038688000,0.51,4.83,126.99,44.05,58.64,75875890000,0.38,2.47,150.59,39.91,46.65,76673779000,0.67,3.08,153.89,39.39,64.8,73345222000,0.39,1.9,78.21,56.11,71.56,64734121000,0.39,2.53
N,205.88,32.69,113.19,43144505000,0.4,2.53,156.68,38.96,38.88,40984452000,0.91,5.85,272.28,26.86,82.08,56169560000,0.76,7.14,123.54,44.74,63.82,71036348000,0.91,5.29,126.87,44.08,105.79,93560219000,1.54,6
N,105.28,48.71,113.19,1.09E+12,0.57,157.58,93.71,51.62,79.76,1.52E+12,0.59,51.6,114.43,46.64,104.78,1.99E+12,0.58,43.93,123.08,44.83,100.2,2.07E+12,0.53,53.55,110.29,47.55,67.35,2.00E+12,0.58,64.66
N,48.05,67.55,113.19,71244718000,0.55,2286.35,44.96,68.99,162.81,85396299000,0.9,62.95,41.94,70.45,305.25,94500479000,1.06,85.49,43.17,69.85,174.6,85747098000,0.83,289.55,58.11,63.25,141.68,92109773000,0.97,187.47
N,86.15,53.72,113.19,4.35E+11,1.21,10.65,39.43,71.72,88.51,4.58E+11,1.31,11.73,26.81,78.86,118.22,4.81E+11,1.13,17.03,18.3,84.53,187.29,4.94E+11,0.96,22.9,31.6,75.99,108.28,6.15E+11,0.96,24.75
N,141.57,41.4,113.19,41024264000,1.1,6.55,116.81,46.12,86.83,38657012000,1.18,6.84,104.62,48.87,108.21,39438344000,1.38,7.43,81.02,55.24,126.83,38715839000,1.42,6.84,83.4,54.52,155.97,43048974000,1.44,6.59
N,104.69,48.86,113.19,77725951000,1.4,13.44,111.9,47.19,47.01,84883487000,1.13,10.51,105.74,48.6,64.13,90049688000,1.06,10.96,95.48,51.16,69.17,89802117000,0.84,11.15,108.76,47.9,56.48,90732497000,0.65,9.74
N,42.37,70.24,113.19,1.54E+11,0.82,59.73,25.28,79.82,242.05,2.66E+11,0.8,73.85,32.35,75.56,227.02,3.02E+11,0.58,45.75,21.22,82.5,257.61,2.87E+11,0.58,40.62,33.82,74.73,210.95,3.41E+11,0.62,43.53
N,30.76,76.48,113.19,1.74E+11,0.6,19.34,28.67,77.72,250.22,1.86E+11,0.7,25.86,26.88,78.81,254.94,1.87E+11,0.71,33.47,23.93,80.69,260.38,1.88E+11,0.71,35.51,20.6,82.92,353.26,1.94E+11,0.69,42.62
N,149.67,40.05,113.19,60935432000,1.99,120.04,133.08,42.9,121.56,69172598000,2.04,170.82,115.83,46.33,111.33,79937527000,1.84,490.46,78.19,56.12,154.6,1.48E+11,1.35,203.03,73.74,57.56,166.71,1.61E+11,1.26,111.37
N,189.19,34.58,113.19,51223430000,1.81,6.86,88.22,53.13,64.77,44657581000,1.6,6.01,226.09,30.67,47.26,44475967000,0.76,3.65,741.31,11.89,31,41946083000,0.85,3.8,754.11,11.71,39.79,36744393000,1.09,5.06
N,36.86,73.07,113.19,1.78E+11,1.52,4.13,25.79,79.5,123.91,1.71E+11,1.44,3.68,32.87,75.26,122.63,1.89E+11,1.4,3.5,27.57,78.39,118.57,1.88E+11,1.35,3.28,32.9,75.25,117.7,1.98E+11,1.36,3.45
N,8.71,91.98,113.19,61029620000,0.77,99.15,4.92,95.31,1241.02,54894779000,0.55,51.79,4.58,95.62,1570.18,53850421000,0.39,57.54,4.22,95.95,2090.09,54287538000,0.35,118.27,3.32,96.79,1771.9,47874645000,0.3,49.37
N,13.06,88.44,113.19,31839539000,0.56,6.42,12.1,89.21,558.6,32442231000,0.47,3.25,10.8,90.25,766.57,32848207000,0.47,2.3,9.28,91.51,892.88,32300334000,0.31,1.41,9.23,91.55,580.7,33123010000,0.42,1.77
N,29,77.52,113.19,58932405000,0.62,4.4,14.44,87.38,800.78,60329086000,0.59,3.9,12.01,89.28,885.75,65406649000,0.51,4.02,9.5,91.32,886.71,68757810000,0.49,4.24,12.57,88.83,529.21,63705812000,0.43,3.41
N,100.04,49.99,113.19,89814927000,0.87,4.27,86.05,53.75,105.68,1.14E+11,0.98,4.89,54.39,64.77,164.32,1.40E+11,0.73,4.11,81.23,55.18,84.58,1.53E+11,0.64,4.19,90.13,52.6,62.4,1.86E+11,0.56,4.02
N,113.77,46.78,113.19,75337810000,0.34,1.95,51.03,66.21,156.49,81277604000,0.38,2.27,51.38,66.06,115.19,82413271000,0.34,2.11,59.75,62.6,89.69,68305647000,0.25,1.48,95.12,51.25,64.13,81092271000,0.22,1.42
N,148.63,40.22,113.19,14997453000,2.61,56.72,143.7,41.03,156.39,16765329000,2.11,58.62,155.81,39.09,88.5,15246905000,1.95,70.27,135.29,42.5,97.8,16708694000,2.3,105.78,57.54,63.48,138.94,18875606000,2.23,115.38
N,46.2,68.4,113.19,1.34E+11,1.4,10.59,63.03,61.34,150.04,1.64E+11,1,12.65,102.25,49.44,156.99,2.30E+11,1.19,11.34,77.16,56.45,126.55,2.17E+11,0.77,6.81,38.32,72.29,247.91,2.05E+11,1.08,14.1
N,30.13,76.85,113.19,14392551000,1.49,52.18,25.88,79.44,430.37,14278540000,1.5,79.33,37.66,72.64,309.48,16475752000,2.08,219.12,44.8,69.06,347.14,16695184000,1.93,252.79,38.11,72.41,422.73,21842317000,1.79,246.38
N,644.19,13.44,113.19,12317023000,4.24,13.69,305.54,24.66,134.59,15699405000,3.06,8.21,154.28,39.33,94.91,21937567000,3.98,11.55,124.26,44.59,113.74,32687102000,3.16,8.3,87.06,53.46,98.33,36326594000,2.69,6.66
N,21.71,82.17,113.19,43272716000,0.58,6.91,51.56,65.98,174.28,60171965000,0.59,5.21,26.58,79,300.74,55932671000,0.57,4.22,13.74,87.92,399.68,58229660000,0.66,5.57,25.39,79.75,209.96,71043948000,0.62,4.21
N,149.71,40.05,113.19,30909166000,0.95,5.92,105.91,48.57,91.6,25485568000,1.03,6.86,82.15,54.9,122.68,27923845000,1.25,7.77,38.04,72.44,236.06,37520424000,1.16,6.91,28.56,77.78,249.33,44525642000,1.12,6.49
N,183.01,35.33,113.19,1.97E+11,1.16,2.96,225.07,30.76,46.76,1.81E+11,1,2.51,273.4,26.78,33.65,1.38E+11,0.9,2.45,955.31,9.48,22.22,70188407000,0.93,3,22.5,81.63,88.56,29204450000,0.35,1.86
N,186.46,34.91,113.19,1.10E+13,0.94,32.66,195.92,33.79,62.45,1.11E+13,0.99,30.35,192.56,34.18,61.04,1.17E+13,1,30.91,186.11,34.95,62.05,1.20E+13,0.93,32.94,166.65,37.5,65.62,1.19E+13,0.9,33.9
N,82.94,54.66,113.19,59416681000,0.56,3.19,37.36,72.8,196.39,46588431000,0.93,6.06,58.65,63.03,157.21,57254925000,0.93,8.62,49.01,67.11,200.2,54284156000,0.75,7.33,39.2,71.84,254.09,53901387000,0.85,8.81
N,296.75,25.21,113.19,89450756000,0.66,1.67,259.93,27.78,129.86,78858612000,0.64,1.61,237.57,29.62,123.16,78768835000,0.67,1.64,309.89,24.4,22.62,79619776000,0.68,1.59,281.25,26.23,59.62,62449424000,0.66,1.63
N,17.6,85.03,113.19,68215879000,1.29,61.86,16.38,85.92,314.54,69208494000,1.15,52.05,15.22,86.79,263.43,68811453000,1.07,51.93,15.2,86.8,278.42,69317082000,1.1,47.13,17.97,84.77,238.09,70929353000,1.11,40.05
N,598.55,14.32,113.19,1.97E+11,0.67,7.2,321.47,23.73,60.73,2.25E+11,1.21,11.35,172.18,36.74,55.46,2.11E+11,1.23,10.59,204.84,32.8,42.57,2.60E+11,0.86,7.03,569.28,14.94,50.71,2.86E+11,0.68,5.64
N,16.73,85.67,113.19,50819454000,0.81,3.77,8.38,92.27,425.59,51821898000,0.9,4.36,9.1,91.66,437.17,60360045000,0.86,4.49,12.55,88.85,439.24,67807719000,0.77,4.53,15.3,86.73,254.28,73014416000,0.77,4.94
N,120.8,45.29,113.19,73421151000,0.2,4.88,144.77,40.86,33.87,78743980000,0.16,3.84,115.2,46.47,33.52,74208210000,0.15,3.78,268.01,27.17,35.61,56204205000,0.16,3.85,52.7,65.49,28.87,67182115000,0.15,3.52
N,61.23,62.02,113.19,53014572000,0.32,53.47,135.41,42.48,45.62,50076757000,0.33,77.73,145.85,40.68,53.42,53939304000,0.42,62.27,160.75,38.35,64.83,58008678000,0.36,22.69,122.66,44.91,36.95,56953026000,0.39,14.5
N,287.63,25.8,113.19,2.08E+11,1.58,244.31,60.4,62.35,104.65,1.78E+11,1.21,334.94,53.8,65.02,124.27,1.23E+11,0.88,175.4,35.65,73.72,278.82,1.08E+11,0.98,290.04,113.25,46.89,49.23,1.61E+11,1.17,208.35
N,22.56,81.59,113.19,58589814000,0.72,100.3,8.91,91.82,600.05,57672004000,0.7,406.72,9.46,91.36,539.47,61005891000,0.59,427.93,10.21,90.74,557.68,63969224000,0.53,383.5,11.7,89.53,564.15,68633920000,0.51,386.12
N,22.74,81.47,113.19,3.81E+11,0.62,50.86,19.09,83.97,429.24,4.31E+11,0.53,44.6,60.6,62.27,14.79,6.56E+11,0.38,45.64,45.5,68.73,19.73,6.53E+11,0.31,44.86,34.21,74.51,16.98,6.59E+11,0.31,41.78
N,28.88,77.59,113.19,38168437000,1.51,8.1,25.67,79.57,481.02,34688978000,2.05,13.41,22.5,81.63,572.89,32224379000,1.8,10.6,22.17,81.85,638.41,30633860000,1.36,7.9,43.59,69.64,320.19,28466994000,1.76,9.57
N,16.97,85.49,113.19,80132228000,0.8,20.51,16.23,86.04,503.26,80799111000,0.89,16.97,17.77,84.91,436.45,80298300000,0.82,13.24,15.9,86.28,564.92,82330110000,0.94,16.39,17.5,85.11,534.51,87297979000,0.96,17.67
N,95.72,51.09,113.19,88608125000,1.26,4.93,75.53,56.97,99.2,95579008000,1.33,5.02,65.24,60.52,105.4,1.03E+11,1.4,5.23,58.34,63.16,119.5,1.19E+11,1.43,5.21,57.74,63.39,159.39,1.30E+11,1.24,4.83
N,134.53,42.64,113.19,1.10E+11,1.54,5.7,157.36,38.86,103.1,1.34E+11,0.98,4.57,167.87,37.33,110.84,1.41E+11,0.79,4.26,115.17,46.47,118.05,1.14E+11,0.79,4.24,82.21,54.88,122.33,1.23E+11,0.78,3.92
N,51.25,66.12,113.19,55956671000,0.51,7.51,44.26,69.32,117.28,57364445000,0.43,5.23,38.77,72.06,141.81,62326679000,0.54,7.04,28.04,78.1,191.96,61024686000,0.57,7.88,51.28,66.1,179.5,81523868000,0.71,7.83
N,20.76,82.81,113.19,88103495000,0.74,4.91,11.5,89.69,200.45,86337070000,0.56,2.86,7.89,92.69,548.88,84093222000,0.41,2.12,10.67,90.36,538.69,91065078000,0.52,3.65,9.95,90.95,548.78,1.03E+11,0.64,6.01
N,61.38,61.97,113.19,50954217000,1.31,24.97,54.5,64.72,205.12,52920005000,1.21,22.86,86.26,53.69,133.27,76017350000,1.17,23.73,89.53,52.76,129.61,79415631000,0.88,16.68,87.2,53.42,147.4,80629948000,0.86,13.9
N,5.67,94.63,113.19,45021787000,0.79,11.75,6.53,93.87,1127.98,47994457000,0.69,12.45,5.59,94.7,1345.02,49937004000,0.67,10.83,5.71,94.6,1240.03,52908490000,0.7,11.61,13.11,88.41,888.91,61275232000,0.73,12.45
N,11.42,89.75,113.19,29150811000,0.87,6.26,12.12,89.19,700.38,26880948000,0.5,6.93,11.54,89.65,647.27,25758363000,0.36,8.88,20.72,82.84,820.37,29181210000,0.76,34.9,24.36,80.41,538.48,30249035000,0.77,58.9
N,104.73,48.84,113.19,46347129000,1.04,16.01,94.5,51.41,127.38,51062616000,0.9,15.93,251.66,28.44,66.62,34508798000,0.86,12.67,217.96,31.45,90.22,28884288000,0.93,9.69,57.4,63.53,168.17,23597566000,0.85,8.42
N,24.9,80.06,113.19,1.03E+11,1.83,11.42,30.27,76.76,228.97,1.24E+11,1.56,12.34,42.3,70.27,170,1.69E+11,1.91,18.93,37.76,72.59,217.64,2.05E+11,1.8,25.62,24.93,80.04,275.25,1.96E+11,1.33,35.19
N,61.97,61.74,113.19,3.52E+12,0.29,34.5,63.44,61.18,102.35,3.89E+12,0.28,29.91,54.62,64.67,85.59,4.12E+12,0.28,29.73,42.32,70.27,49.36,4.07E+12,0.27,24.41,52.33,65.65,79.23,4.59E+12,0.28,22.94
N,110.66,47.47,113.19,7814630000,2.33,28.95,98.53,50.37,176.95,8475201000,2.68,27.36,71.12,58.44,155.9,8061968000,1.58,11.89,53.06,65.33,174.4,8261518000,1.71,11.94,70.54,58.64,127.48,10802806000,2.15,19.11
N,26.82,78.85,113.19,63036039000,1.04,3.45,18.68,84.26,93.17,64299189000,1.11,3.41,27.25,78.59,119.37,76393409000,1.18,4.11,30.99,76.34,156.85,83432593000,1.11,4.85,24.3,80.45,164.42,91725502000,1.45,7.4
N,29.21,77.39,113.19,27965576000,0.95,3.75,72.83,57.86,115.2,36419755000,0.72,3.1,104.42,48.92,99.77,37435546000,0.59,3.31,94,51.55,102.91,34676328000,0.56,3.41,63.32,61.23,110.65,42163363000,0.65,3.57
N,13.31,88.25,113.19,6.96E+11,0.74,3.07,10.63,90.4,384.63,7.42E+11,0.68,2.79,11.24,89.9,203.46,7.95E+11,0.6,2.51,12.33,89.02,171.22,8.50E+11,0.62,2.35,15.23,86.78,210.52,9.51E+11,0.68,2.45
N,123.71,44.7,113.19,1.19E+11,1.05,4.93,107.24,48.25,97.77,1.20E+11,0.77,4.5,118.67,45.73,71.16,1.41E+11,0.65,3.53,118.5,45.77,55.71,1.68E+11,0.67,3.4,112.36,47.09,82.11,2.09E+11,0.71,3.85
N,96.61,50.86,113.19,19792651000,1.37,10.22,51.04,66.21,227.82,22406378000,1.67,11.08,41.72,70.56,284.72,31915626000,1.71,15.46,10.03,90.88,985.42,48600838000,1.46,18.14,8.11,92.5,1173.65,49187507000,0.56,10.71
N,167.61,37.37,113.19,14469414000,1.81,143.44,87.06,53.46,146.32,17360018000,1.26,63.51,139.24,41.8,166.28,22395953000,1.45,43.62,24.42,80.37,448.91,34498114000,1.42,64.18,55.79,64.19,171.56,46714476000,1.48,79.94
N,247.79,28.75,113.19,2.37E+11,0.5,2.48,284.73,25.99,36.23,2.46E+11,0.57,3.21,286.48,25.87,17.14,2.14E+11,0.27,1.35,539.56,15.64,17.71,1.03E+11,0.43,1.85,25.88,79.44,40.07,63310352000,0.3,2.15
N,116.85,46.11,113.19,81635116000,1.38,19.1,119.64,45.53,80.4,81990887000,1.93,38.21,130.05,43.47,91.26,92223057000,1.73,33.84,84.18,54.3,113.83,81128022000,1.79,29.55,24.58,80.27,205.95,47292520000,1.38,20.6
N,33.59,74.86,113.19,21156718000,0.85,38.68,19.74,83.52,593.01,20447253000,1.17,103.24,26.71,78.92,420.19,21978884000,1.11,20.29,36.99,73,343.72,24899545000,1.03,16.97,27.34,78.53,423.77,22368470000,0.85,50.6
N,32.18,75.65,113.19,47224280000,0.91,12.47,35.61,73.74,187.41,50940172000,1.12,16.78,22.72,81.48,232.79,48036790000,0.98,15.08,18.24,84.58,524.62,46576353000,0.85,11.99,69.15,59.12,135.81,65057969000,0.67,12.27
N,24.11,80.58,113.19,92851346000,0.79,9.77,22.79,81.44,363.22,95225894000,0.83,10.01,19.69,83.55,544.1,95501715000,0.66,8.98,17.36,85.21,356.67,95921852000,0.56,6.95,12.23,89.1,535.05,92384004000,0.62,7.07
N,44.31,69.29,113.19,8.79E+11,0.89,8.36,42.36,70.25,185.9,8.70E+11,0.98,12.44,30.38,76.7,239.54,8.50E+11,1.13,15.37,45.73,68.62,184.11,9.39E+11,0.94,11.47,46.18,68.41,190.98,9.60E+11,1.02,12.77
N,100.93,49.77,113.19,77155787000,0.71,4.97,133.59,42.81,87.23,93378396000,0.76,6.03,125.24,44.4,77.85,95122281000,0.7,7.76,101.08,49.73,82.73,93279884000,0.71,8.82,101.08,49.73,65.24,1.10E+11,0.83,10.35
N,86.54,53.61,113.19,6.07E+11,0.52,6.85,73.53,57.63,43.37,6.05E+11,0.42,4.96,56.74,63.8,93.71,5.04E+11,0.34,4.2,50.01,66.66,86.82,5.06E+11,0.39,5.63,51.47,66.02,68.74,5.86E+11,0.54,7.32
N,114.17,46.69,113.19,2.05E+11,2.07,16.19,175.67,36.28,71.76,2.42E+11,2.28,22.1,139.4,41.77,74.85,2.30E+11,1.61,16.36,106.46,48.43,102.27,1.91E+11,1.64,18.17,100.93,49.77,89.4,1.25E+11,0.98,16.82
N,93.4,51.71,113.19,84482471000,0.62,37.19,95.68,51.1,51.79,77725680000,0.58,35.94,120.08,45.44,37.84,75998522000,0.63,40.51,142.11,41.3,27.76,70349702000,0.86,25.42,130.74,43.34,21.72,60596520000,0.74,15.98
N,98.95,50.26,113.19,57293403000,0.68,2.99,44.69,69.11,95.22,39904191000,0.83,3.54,53.67,65.08,106.76,44094412000,1.05,3.74,32.49,75.48,158.96,43435647000,0.98,3.36,11.53,89.66,741.72,65596464000,0.83,4.07
N,157,38.91,113.19,44033761000,0.58,164.71,233.12,30.02,45.26,30364187000,0.57,191.11,121.97,45.05,176.69,27902170000,0.57,216.92,218.69,31.38,120.26,22070092000,0.89,554.3,104.85,48.82,170.67,14568354000,1.39,967.65
N,97.77,50.56,113.19,1.16E+11,0.94,9.01,96.53,50.88,46.84,1.17E+11,0.85,9.68,113.5,46.84,52.81,1.26E+11,0.78,9.85,117.22,46.04,43.63,1.19E+11,0.7,8.9,113.53,46.83,37,1.17E+11,0.9,8.73
N,36.9,73.04,113.19,3.54E+11,0.33,10.24,28.68,77.71,326.16,3.45E+11,0.39,13.52,26.06,79.33,380.52,3.91E+11,0.05,2.27,24.16,80.54,523.45,2.77E+11,0.04,4.32,25.73,79.53,647.76,2.67E+11,0.06,155.2
